route,theme,viewport,msgType,text
/ua,light,desktop,info,"%cDownload the React DevTools for a better development experience: https://react.dev/link/react-devtools font-weight:bold"
/ua,light,mobile,info,"%cDownload the React DevTools for a better development experience: https://react.dev/link/react-devtools font-weight:bold"
/ua,dark,desktop,info,"%cDownload the React DevTools for a better development experience: https://react.dev/link/react-devtools font-weight:bold"
/ua,dark,mobile,info,"%cDownload the React DevTools for a better development experience: https://react.dev/link/react-devtools font-weight:bold"
/ua,light,desktop,log,"[HMR] connected"
/ua,light,mobile,log,"[HMR] connected"
/ua,dark,mobile,log,"[HMR] connected"
/ua,dark,desktop,log,"[HMR] connected"
/ua,light,desktop,warning,"Please ensure that the container has a non-static position, like 'relative', 'fixed', or 'absolute' to ensure scroll offset is calculated correctly."
/ua,light,desktop,log,"[Vercel Web Analytics] Failed to load script from https://va.vercel-scripts.com/v1/script.debug.js. Please check if any ad blockers are enabled and try again."
/ua,light,mobile,warning,"Please ensure that the container has a non-static position, like 'relative', 'fixed', or 'absolute' to ensure scroll offset is calculated correctly."
/ua,light,mobile,log,"[Vercel Web Analytics] Failed to load script from https://va.vercel-scripts.com/v1/script.debug.js. Please check if any ad blockers are enabled and try again."
/ua,dark,mobile,warning,"Please ensure that the container has a non-static position, like 'relative', 'fixed', or 'absolute' to ensure scroll offset is calculated correctly."
/ua,dark,desktop,warning,"Please ensure that the container has a non-static position, like 'relative', 'fixed', or 'absolute' to ensure scroll offset is calculated correctly."
/ua,dark,mobile,log,"[Vercel Web Analytics] Failed to load script from https://va.vercel-scripts.com/v1/script.debug.js. Please check if any ad blockers are enabled and try again."
/ua,dark,desktop,log,"[Vercel Web Analytics] Failed to load script from https://va.vercel-scripts.com/v1/script.debug.js. Please check if any ad blockers are enabled and try again."
/ua,dark,desktop,log,"[Fast Refresh] rebuilding"
/ua,light,desktop,log,"[Fast Refresh] rebuilding"
/ua,dark,mobile,log,"[Fast Refresh] rebuilding"
/ua,light,mobile,log,"[Fast Refresh] rebuilding"
/en,light,desktop,info,"%cDownload the React DevTools for a better development experience: https://react.dev/link/react-devtools font-weight:bold"
/en,light,mobile,info,"%cDownload the React DevTools for a better development experience: https://react.dev/link/react-devtools font-weight:bold"
/en,dark,desktop,info,"%cDownload the React DevTools for a better development experience: https://react.dev/link/react-devtools font-weight:bold"
/en,light,desktop,log,"[HMR] connected"
/en,light,mobile,log,"[HMR] connected"
/en,dark,mobile,info,"%cDownload the React DevTools for a better development experience: https://react.dev/link/react-devtools font-weight:bold"
/en,dark,desktop,log,"[HMR] connected"
/en,dark,mobile,log,"[HMR] connected"
/en,light,desktop,warning,"Please ensure that the container has a non-static position, like 'relative', 'fixed', or 'absolute' to ensure scroll offset is calculated correctly."
/en,light,desktop,log,"[Vercel Web Analytics] Failed to load script from https://va.vercel-scripts.com/v1/script.debug.js. Please check if any ad blockers are enabled and try again."
/en,light,mobile,warning,"Please ensure that the container has a non-static position, like 'relative', 'fixed', or 'absolute' to ensure scroll offset is calculated correctly."
/en,light,mobile,log,"[Vercel Web Analytics] Failed to load script from https://va.vercel-scripts.com/v1/script.debug.js. Please check if any ad blockers are enabled and try again."
/en,light,desktop,log,"[Fast Refresh] rebuilding"
/en,light,mobile,log,"[Fast Refresh] rebuilding"
/en,dark,desktop,log,"[Fast Refresh] rebuilding"
/en,light,mobile,log,"[Fast Refresh] done in 160ms"
/en,light,desktop,log,"[Fast Refresh] done in 167ms"
/en,dark,mobile,log,"[Fast Refresh] rebuilding"
/en,dark,mobile,log,"[Fast Refresh] done in 125ms"
/en,dark,desktop,log,"[Fast Refresh] done in 174ms"
/en,dark,desktop,warning,"Please ensure that the container has a non-static position, like 'relative', 'fixed', or 'absolute' to ensure scroll offset is calculated correctly."
/en,dark,mobile,warning,"Please ensure that the container has a non-static position, like 'relative', 'fixed', or 'absolute' to ensure scroll offset is calculated correctly."
/en,dark,desktop,log,"[Vercel Web Analytics] Failed to load script from https://va.vercel-scripts.com/v1/script.debug.js. Please check if any ad blockers are enabled and try again."
/en,dark,mobile,log,"[Vercel Web Analytics] Failed to load script from https://va.vercel-scripts.com/v1/script.debug.js. Please check if any ad blockers are enabled and try again."
/en,dark,mobile,log,"[Fast Refresh] rebuilding"
/ua/about,dark,desktop,info,"%cDownload the React DevTools for a better development experience: https://react.dev/link/react-devtools font-weight:bold"
/ua/about,light,desktop,info,"%cDownload the React DevTools for a better development experience: https://react.dev/link/react-devtools font-weight:bold"
/ua/about,light,mobile,info,"%cDownload the React DevTools for a better development experience: https://react.dev/link/react-devtools font-weight:bold"
/ua/about,dark,mobile,info,"%cDownload the React DevTools for a better development experience: https://react.dev/link/react-devtools font-weight:bold"
/ua/about,light,desktop,log,"[HMR] connected"
/ua/about,light,mobile,log,"[HMR] connected"
/ua/about,dark,desktop,log,"[HMR] connected"
/ua/about,dark,mobile,log,"[HMR] connected"
/ua/about,light,mobile,log,"[Vercel Web Analytics] Failed to load script from https://va.vercel-scripts.com/v1/script.debug.js. Please check if any ad blockers are enabled and try again."
/ua/about,light,desktop,log,"[Vercel Web Analytics] Failed to load script from https://va.vercel-scripts.com/v1/script.debug.js. Please check if any ad blockers are enabled and try again."
/ua/about,light,mobile,log,"[Fast Refresh] rebuilding"
/ua/about,light,desktop,log,"[Fast Refresh] rebuilding"
/ua/about,dark,mobile,log,"[Fast Refresh] rebuilding"
/ua/about,light,desktop,log,"[Fast Refresh] done in 180ms"
/ua/about,light,mobile,log,"[Fast Refresh] done in 180ms"
/ua/about,dark,desktop,log,"[Fast Refresh] rebuilding"
/ua/about,dark,desktop,log,"[Fast Refresh] done in 149ms"
/ua/about,dark,mobile,log,"[Fast Refresh] done in 154ms"
/ua/about,dark,mobile,log,"[Vercel Web Analytics] Failed to load script from https://va.vercel-scripts.com/v1/script.debug.js. Please check if any ad blockers are enabled and try again."
/ua/about,dark,desktop,log,"[Vercel Web Analytics] Failed to load script from https://va.vercel-scripts.com/v1/script.debug.js. Please check if any ad blockers are enabled and try again."
/ua/about,dark,mobile,log,"[Fast Refresh] rebuilding"
/ua/about,light,desktop,log,"[Fast Refresh] rebuilding"
/ua/about,dark,desktop,log,"[Fast Refresh] rebuilding"
/ua/about,light,desktop,log,"[Fast Refresh] done in 432ms"
/ua/about,dark,desktop,log,"[Fast Refresh] done in 432ms"
/ua/about,dark,mobile,log,"[Fast Refresh] done in 431ms"
/en/about,light,desktop,info,"%cDownload the React DevTools for a better development experience: https://react.dev/link/react-devtools font-weight:bold"
/en/about,light,desktop,log,"[HMR] connected"
/en/about,light,desktop,log,"[Vercel Web Analytics] Failed to load script from https://va.vercel-scripts.com/v1/script.debug.js. Please check if any ad blockers are enabled and try again."
/en/about,light,mobile,info,"%cDownload the React DevTools for a better development experience: https://react.dev/link/react-devtools font-weight:bold"
/en/about,dark,desktop,info,"%cDownload the React DevTools for a better development experience: https://react.dev/link/react-devtools font-weight:bold"
/en/about,dark,mobile,info,"%cDownload the React DevTools for a better development experience: https://react.dev/link/react-devtools font-weight:bold"
/en/about,light,mobile,log,"[HMR] connected"
/en/about,dark,desktop,log,"[HMR] connected"
/en/about,dark,mobile,log,"[HMR] connected"
/en/about,light,mobile,log,"[Vercel Web Analytics] Failed to load script from https://va.vercel-scripts.com/v1/script.debug.js. Please check if any ad blockers are enabled and try again."
/en/about,dark,mobile,log,"[Vercel Web Analytics] Failed to load script from https://va.vercel-scripts.com/v1/script.debug.js. Please check if any ad blockers are enabled and try again."
/en/about,dark,desktop,log,"[Vercel Web Analytics] Failed to load script from https://va.vercel-scripts.com/v1/script.debug.js. Please check if any ad blockers are enabled and try again."
/en/about,light,mobile,log,"[Fast Refresh] rebuilding"
/en/about,dark,mobile,log,"[Fast Refresh] rebuilding"
/en/about,dark,desktop,log,"[Fast Refresh] rebuilding"
/en/about,light,desktop,log,"[Fast Refresh] rebuilding"
/en/about,light,mobile,log,"[Fast Refresh] done in 136ms"
/en/about,light,desktop,log,"[Fast Refresh] done in 136ms"
/en/about,dark,mobile,log,"[Fast Refresh] done in 141ms"
/en/about,dark,desktop,log,"[Fast Refresh] done in 143ms"
/en/about,light,mobile,log,"[Fast Refresh] rebuilding"
/en/about,dark,desktop,log,"[Fast Refresh] rebuilding"
/en/about,dark,mobile,log,"[Fast Refresh] rebuilding"
/en/about,light,mobile,log,"[Fast Refresh] done in 546ms"
/en/about,dark,desktop,log,"[Fast Refresh] done in 546ms"
/en/about,dark,mobile,log,"[Fast Refresh] done in 546ms"
/en/about,dark,desktop,log,"[Fast Refresh] rebuilding"
/ua/blog,light,desktop,info,"%cDownload the React DevTools for a better development experience: https://react.dev/link/react-devtools font-weight:bold"
/ua/blog,light,desktop,log,"[HMR] connected"
/ua/blog,light,desktop,log,"[Vercel Web Analytics] Failed to load script from https://va.vercel-scripts.com/v1/script.debug.js. Please check if any ad blockers are enabled and try again."
/ua/blog,dark,mobile,info,"%cDownload the React DevTools for a better development experience: https://react.dev/link/react-devtools font-weight:bold"
/ua/blog,dark,desktop,info,"%cDownload the React DevTools for a better development experience: https://react.dev/link/react-devtools font-weight:bold"
/ua/blog,light,mobile,info,"%cDownload the React DevTools for a better development experience: https://react.dev/link/react-devtools font-weight:bold"
/ua/blog,dark,desktop,log,"[HMR] connected"
/ua/blog,dark,mobile,log,"[HMR] connected"
/ua/blog,light,mobile,log,"[HMR] connected"
/ua/blog,dark,desktop,log,"[Fast Refresh] rebuilding"
/ua/blog,light,mobile,log,"[Fast Refresh] rebuilding"
/ua/blog,dark,mobile,log,"[Fast Refresh] rebuilding"
/ua/blog,light,mobile,log,"%c[Vercel Web Analytics]%c Debug mode is enabled by default in development. No requests will be sent to the server. color: rgb(120, 120, 120) color: inherit"
/ua/blog,light,mobile,log,"%c[Vercel Web Analytics]%c [view] http://localhost:3000/ua/blog color: rgb(120, 120, 120) color: inherit {o: http://localhost:3000/ua/blog, sv: 0.1.3, sdkn: @vercel/analytics/react, sdkv: 1.6.1, ts: 1778677868187} /_vercel/insights/view"
/ua/blog,dark,mobile,log,"%c[Vercel Web Analytics]%c Debug mode is enabled by default in development. No requests will be sent to the server. color: rgb(120, 120, 120) color: inherit"
/ua/blog,dark,mobile,log,"%c[Vercel Web Analytics]%c [view] http://localhost:3000/ua/blog color: rgb(120, 120, 120) color: inherit {o: http://localhost:3000/ua/blog, sv: 0.1.3, sdkn: @vercel/analytics/react, sdkv: 1.6.1, ts: 1778677868193} /_vercel/insights/view"
/ua/blog,dark,desktop,log,"%c[Vercel Web Analytics]%c Debug mode is enabled by default in development. No requests will be sent to the server. color: rgb(120, 120, 120) color: inherit"
/ua/blog,dark,desktop,log,"%c[Vercel Web Analytics]%c [view] http://localhost:3000/ua/blog color: rgb(120, 120, 120) color: inherit {o: http://localhost:3000/ua/blog, sv: 0.1.3, sdkn: @vercel/analytics/react, sdkv: 1.6.1, ts: 1778677868235} /_vercel/insights/view"
/ua/blog,dark,mobile,log,"[Fast Refresh] done in 673ms"
/ua/blog,dark,desktop,log,"[Fast Refresh] done in 674ms"
/ua/blog,light,mobile,log,"[Fast Refresh] done in 672ms"
/ua/blog,dark,desktop,log,"[Fast Refresh] rebuilding"
/ua/blog,light,mobile,log,"[Fast Refresh] rebuilding"
/ua/blog,dark,mobile,log,"[Fast Refresh] rebuilding"
/ua/blog,dark,desktop,log,"[Fast Refresh] done in 105ms"
/ua/blog,dark,mobile,log,"[Fast Refresh] done in 104ms"
/ua/blog,light,mobile,log,"[Fast Refresh] done in 106ms"
/en/blog,light,desktop,info,"%cDownload the React DevTools for a better development experience: https://react.dev/link/react-devtools font-weight:bold"
/en/blog,light,desktop,log,"[HMR] connected"
/en/blog,light,desktop,log,"%c[Vercel Web Analytics]%c Debug mode is enabled by default in development. No requests will be sent to the server. color: rgb(120, 120, 120) color: inherit"
/en/blog,light,desktop,log,"%c[Vercel Web Analytics]%c [view] http://localhost:3000/en/blog color: rgb(120, 120, 120) color: inherit {o: http://localhost:3000/en/blog, sv: 0.1.3, sdkn: @vercel/analytics/react, sdkv: 1.6.1, ts: 1778677871967} /_vercel/insights/view"
/en/blog,light,desktop,log,"[Fast Refresh] rebuilding"
/en/blog,light,desktop,log,"[Fast Refresh] done in 478ms"
/en/blog,dark,desktop,info,"%cDownload the React DevTools for a better development experience: https://react.dev/link/react-devtools font-weight:bold"
/en/blog,dark,mobile,info,"%cDownload the React DevTools for a better development experience: https://react.dev/link/react-devtools font-weight:bold"
/en/blog,light,mobile,info,"%cDownload the React DevTools for a better development experience: https://react.dev/link/react-devtools font-weight:bold"
/en/blog,dark,desktop,log,"[HMR] connected"
/en/blog,dark,mobile,log,"[HMR] connected"
/en/blog,light,mobile,log,"[HMR] connected"
/en/blog,light,mobile,log,"%c[Vercel Web Analytics]%c Debug mode is enabled by default in development. No requests will be sent to the server. color: rgb(120, 120, 120) color: inherit"
/en/blog,light,mobile,log,"%c[Vercel Web Analytics]%c [view] http://localhost:3000/en/blog color: rgb(120, 120, 120) color: inherit {o: http://localhost:3000/en/blog, sv: 0.1.3, sdkn: @vercel/analytics/react, sdkv: 1.6.1, ts: 1778677874853} /_vercel/insights/view"
/en/blog,dark,mobile,log,"%c[Vercel Web Analytics]%c Debug mode is enabled by default in development. No requests will be sent to the server. color: rgb(120, 120, 120) color: inherit"
/en/blog,dark,mobile,log,"%c[Vercel Web Analytics]%c [view] http://localhost:3000/en/blog color: rgb(120, 120, 120) color: inherit {o: http://localhost:3000/en/blog, sv: 0.1.3, sdkn: @vercel/analytics/react, sdkv: 1.6.1, ts: 1778677874874} /_vercel/insights/view"
/en/blog,dark,desktop,log,"%c[Vercel Web Analytics]%c Debug mode is enabled by default in development. No requests will be sent to the server. color: rgb(120, 120, 120) color: inherit"
/en/blog,dark,desktop,log,"%c[Vercel Web Analytics]%c [view] http://localhost:3000/en/blog color: rgb(120, 120, 120) color: inherit {o: http://localhost:3000/en/blog, sv: 0.1.3, sdkn: @vercel/analytics/react, sdkv: 1.6.1, ts: 1778677875154} /_vercel/insights/view"
/ua/brands,light,desktop,info,"%cDownload the React DevTools for a better development experience: https://react.dev/link/react-devtools font-weight:bold"
/ua/brands,light,desktop,log,"[HMR] connected"
/ua/brands,light,desktop,log,"[Fast Refresh] rebuilding"
/ua/brands,light,desktop,log,"%c[Vercel Web Analytics]%c Debug mode is enabled by default in development. No requests will be sent to the server. color: rgb(120, 120, 120) color: inherit"
/ua/brands,light,desktop,log,"%c[Vercel Web Analytics]%c [view] http://localhost:3000/ua/brands color: rgb(120, 120, 120) color: inherit {o: http://localhost:3000/ua/brands, sv: 0.1.3, sdkn: @vercel/analytics/react, sdkv: 1.6.1, ts: 1778677878769} /_vercel/insights/view"
/ua/brands,light,desktop,error,"A tree hydrated but some attributes of the server rendered HTML didn't match the client properties. This won't be patched up. This can happen if a SSR-ed Client Component used:

- A server/client branch `if (typeof window !== 'undefined')`.
- Variable input such as `Date.now()` or `Math.random()` which changes each time it's called.
- Date formatting in a user's locale which doesn't match the server.
- External changing data without sending a snapshot of it along with the HTML.
- Invalid HTML ta"
/ua/brands,light,desktop,log,"[Fast Refresh] done in 743ms"
/ua/brands,light,desktop,log,"[Fast Refresh] rebuilding"
/ua/brands,light,desktop,log,"[Fast Refresh] done in 1093ms"
/ua/brands,light,mobile,info,"%cDownload the React DevTools for a better development experience: https://react.dev/link/react-devtools font-weight:bold"
/ua/brands,dark,mobile,info,"%cDownload the React DevTools for a better development experience: https://react.dev/link/react-devtools font-weight:bold"
/ua/brands,dark,desktop,info,"%cDownload the React DevTools for a better development experience: https://react.dev/link/react-devtools font-weight:bold"
/ua/brands,light,mobile,log,"[HMR] connected"
/ua/brands,dark,mobile,log,"[HMR] connected"
/ua/brands,dark,desktop,log,"[HMR] connected"
/ua/brands,dark,mobile,log,"%c[Vercel Web Analytics]%c Debug mode is enabled by default in development. No requests will be sent to the server. color: rgb(120, 120, 120) color: inherit"
/ua/brands,dark,mobile,log,"%c[Vercel Web Analytics]%c [view] http://localhost:3000/ua/brands color: rgb(120, 120, 120) color: inherit {o: http://localhost:3000/ua/brands, sv: 0.1.3, sdkn: @vercel/analytics/react, sdkv: 1.6.1, ts: 1778677882418} /_vercel/insights/view"
/en/brands,light,desktop,info,"%cDownload the React DevTools for a better development experience: https://react.dev/link/react-devtools font-weight:bold"
/ua/brands,light,mobile,log,"%c[Vercel Web Analytics]%c Debug mode is enabled by default in development. No requests will be sent to the server. color: rgb(120, 120, 120) color: inherit"
/ua/brands,light,mobile,log,"%c[Vercel Web Analytics]%c [view] http://localhost:3000/ua/brands color: rgb(120, 120, 120) color: inherit {o: http://localhost:3000/ua/brands, sv: 0.1.3, sdkn: @vercel/analytics/react, sdkv: 1.6.1, ts: 1778677882686} /_vercel/insights/view"
/en/brands,light,desktop,log,"[HMR] connected"
/en/brands,light,desktop,log,"%c[Vercel Web Analytics]%c Debug mode is enabled by default in development. No requests will be sent to the server. color: rgb(120, 120, 120) color: inherit"
/en/brands,light,desktop,log,"%c[Vercel Web Analytics]%c [view] http://localhost:3000/en/brands color: rgb(120, 120, 120) color: inherit {o: http://localhost:3000/en/brands, sv: 0.1.3, sdkn: @vercel/analytics/react, sdkv: 1.6.1, ts: 1778677883751} /_vercel/insights/view"
/ua/brands,dark,desktop,log,"%c[Vercel Web Analytics]%c Debug mode is enabled by default in development. No requests will be sent to the server. color: rgb(120, 120, 120) color: inherit"
/ua/brands,dark,desktop,log,"%c[Vercel Web Analytics]%c [view] http://localhost:3000/ua/brands color: rgb(120, 120, 120) color: inherit {o: http://localhost:3000/ua/brands, sv: 0.1.3, sdkn: @vercel/analytics/react, sdkv: 1.6.1, ts: 1778677883901} /_vercel/insights/view"
/en/brands,light,desktop,log,"[Fast Refresh] rebuilding"
/ua/brands,dark,desktop,log,"[Fast Refresh] rebuilding"
/ua/brands,dark,desktop,log,"[Fast Refresh] done in 316ms"
/en/brands,light,desktop,log,"[Fast Refresh] done in 667ms"
/en/brands,light,mobile,info,"%cDownload the React DevTools for a better development experience: https://react.dev/link/react-devtools font-weight:bold"
/en/brands,light,mobile,log,"[HMR] connected"
/en/brands,dark,desktop,info,"%cDownload the React DevTools for a better development experience: https://react.dev/link/react-devtools font-weight:bold"
/en/brands,light,mobile,log,"%c[Vercel Web Analytics]%c Debug mode is enabled by default in development. No requests will be sent to the server. color: rgb(120, 120, 120) color: inherit"
/en/brands,light,mobile,log,"%c[Vercel Web Analytics]%c [view] http://localhost:3000/en/brands color: rgb(120, 120, 120) color: inherit {o: http://localhost:3000/en/brands, sv: 0.1.3, sdkn: @vercel/analytics/react, sdkv: 1.6.1, ts: 1778677888397} /_vercel/insights/view"
/en/brands,dark,desktop,log,"[HMR] connected"
/en/brands,dark,mobile,info,"%cDownload the React DevTools for a better development experience: https://react.dev/link/react-devtools font-weight:bold"
/ua/brands/europe,light,desktop,info,"%cDownload the React DevTools for a better development experience: https://react.dev/link/react-devtools font-weight:bold"
/en/brands,dark,mobile,log,"[HMR] connected"
/ua/brands/europe,light,desktop,log,"[HMR] connected"
/ua/brands/europe,light,desktop,log,"%c[Vercel Web Analytics]%c Debug mode is enabled by default in development. No requests will be sent to the server. color: rgb(120, 120, 120) color: inherit"
/ua/brands/europe,light,desktop,log,"%c[Vercel Web Analytics]%c [view] http://localhost:3000/ua/brands/europe color: rgb(120, 120, 120) color: inherit {o: http://localhost:3000/ua/brands/europe, sv: 0.1.3, sdkn: @vercel/analytics/react, sdkv: 1.6.1, ts: 1778677889729} /_vercel/insights/view"
/en/brands,dark,desktop,error,"A tree hydrated but some attributes of the server rendered HTML didn't match the client properties. This won't be patched up. This can happen if a SSR-ed Client Component used:

- A server/client branch `if (typeof window !== 'undefined')`.
- Variable input such as `Date.now()` or `Math.random()` which changes each time it's called.
- Date formatting in a user's locale which doesn't match the server.
- External changing data without sending a snapshot of it along with the HTML.
- Invalid HTML ta"
/en/brands,dark,desktop,log,"%c[Vercel Web Analytics]%c Debug mode is enabled by default in development. No requests will be sent to the server. color: rgb(120, 120, 120) color: inherit"
/en/brands,dark,desktop,log,"%c[Vercel Web Analytics]%c [view] http://localhost:3000/en/brands color: rgb(120, 120, 120) color: inherit {o: http://localhost:3000/en/brands, sv: 0.1.3, sdkn: @vercel/analytics/react, sdkv: 1.6.1, ts: 1778677890026} /_vercel/insights/view"
/ua/brands/europe,light,desktop,log,"[Fast Refresh] rebuilding"
/en/brands,dark,desktop,log,"[Fast Refresh] rebuilding"
/ua/brands/europe,light,desktop,log,"[Fast Refresh] done in 471ms"
/en/brands,dark,desktop,log,"[Fast Refresh] done in 322ms"
/en/brands,dark,mobile,log,"%c[Vercel Web Analytics]%c Debug mode is enabled by default in development. No requests will be sent to the server. color: rgb(120, 120, 120) color: inherit"
/en/brands,dark,mobile,log,"%c[Vercel Web Analytics]%c [view] http://localhost:3000/en/brands color: rgb(120, 120, 120) color: inherit {o: http://localhost:3000/en/brands, sv: 0.1.3, sdkn: @vercel/analytics/react, sdkv: 1.6.1, ts: 1778677892177} /_vercel/insights/view"
/ua/brands/europe,light,mobile,info,"%cDownload the React DevTools for a better development experience: https://react.dev/link/react-devtools font-weight:bold"
/ua/brands/europe,light,mobile,log,"[HMR] connected"
/en/brands,dark,mobile,log,"[Fast Refresh] rebuilding"
/ua/brands/europe,light,mobile,log,"%c[Vercel Web Analytics]%c Debug mode is enabled by default in development. No requests will be sent to the server. color: rgb(120, 120, 120) color: inherit"
/ua/brands/europe,light,mobile,log,"%c[Vercel Web Analytics]%c [view] http://localhost:3000/ua/brands/europe color: rgb(120, 120, 120) color: inherit {o: http://localhost:3000/ua/brands/europe, sv: 0.1.3, sdkn: @vercel/analytics/react, sdkv: 1.6.1, ts: 1778677892790} /_vercel/insights/view"
/en/brands,dark,mobile,log,"[Fast Refresh] done in 337ms"
/ua/brands/europe,light,mobile,log,"[Fast Refresh] rebuilding"
/ua/brands/europe,dark,mobile,info,"%cDownload the React DevTools for a better development experience: https://react.dev/link/react-devtools font-weight:bold"
/ua/brands/europe,dark,desktop,info,"%cDownload the React DevTools for a better development experience: https://react.dev/link/react-devtools font-weight:bold"
/ua/brands/europe,dark,desktop,log,"[HMR] connected"
/ua/brands/europe,dark,mobile,log,"[HMR] connected"
/ua/brands/europe,light,mobile,log,"[Fast Refresh] done in 558ms"
/ua/brands/europe,light,mobile,log,"[Fast Refresh] rebuilding"
/ua/brands/europe,light,mobile,log,"[Fast Refresh] done in 208ms"
/ua/brands/europe,dark,desktop,log,"[Fast Refresh] rebuilding"
/ua/brands/europe,dark,desktop,log,"[Fast Refresh] done in 143ms"
/ua/brands/europe,dark,mobile,log,"%c[Vercel Web Analytics]%c Debug mode is enabled by default in development. No requests will be sent to the server. color: rgb(120, 120, 120) color: inherit"
/ua/brands/europe,dark,mobile,log,"%c[Vercel Web Analytics]%c [view] http://localhost:3000/ua/brands/europe color: rgb(120, 120, 120) color: inherit {o: http://localhost:3000/ua/brands/europe, sv: 0.1.3, sdkn: @vercel/analytics/react, sdkv: 1.6.1, ts: 1778677894542} /_vercel/insights/view"
/ua/brands/moto,light,desktop,info,"%cDownload the React DevTools for a better development experience: https://react.dev/link/react-devtools font-weight:bold"
/ua/brands/europe,dark,mobile,log,"[Fast Refresh] rebuilding"
/ua/brands/moto,light,desktop,log,"[HMR] connected"
/ua/brands/europe,dark,desktop,log,"[Fast Refresh] rebuilding"
/ua/brands/europe,dark,desktop,log,"%c[Vercel Web Analytics]%c Debug mode is enabled by default in development. No requests will be sent to the server. color: rgb(120, 120, 120) color: inherit"
/ua/brands/europe,dark,desktop,log,"%c[Vercel Web Analytics]%c [view] http://localhost:3000/ua/brands/europe color: rgb(120, 120, 120) color: inherit {o: http://localhost:3000/ua/brands/europe, sv: 0.1.3, sdkn: @vercel/analytics/react, sdkv: 1.6.1, ts: 1778677895182} /_vercel/insights/view"
/ua/brands/europe,dark,desktop,log,"[Fast Refresh] done in 475ms"
/ua/brands/europe,dark,mobile,log,"[Fast Refresh] done in 546ms"
/ua/brands/moto,light,desktop,log,"%c[Vercel Web Analytics]%c Debug mode is enabled by default in development. No requests will be sent to the server. color: rgb(120, 120, 120) color: inherit"
/ua/brands/moto,light,desktop,log,"%c[Vercel Web Analytics]%c [view] http://localhost:3000/ua/brands/moto color: rgb(120, 120, 120) color: inherit {o: http://localhost:3000/ua/brands/moto, sv: 0.1.3, sdkn: @vercel/analytics/react, sdkv: 1.6.1, ts: 1778677895243} /_vercel/insights/view"
/ua/brands/moto,light,mobile,info,"%cDownload the React DevTools for a better development experience: https://react.dev/link/react-devtools font-weight:bold"
/ua/brands/moto,light,mobile,log,"[HMR] connected"
/ua/brands/moto,light,desktop,log,"[Fast Refresh] rebuilding"
/ua/brands/europe,dark,desktop,log,"[Fast Refresh] rebuilding"
/ua/brands/moto,light,mobile,log,"[Fast Refresh] rebuilding"
/ua/brands/moto,light,mobile,log,"%c[Vercel Web Analytics]%c Debug mode is enabled by default in development. No requests will be sent to the server. color: rgb(120, 120, 120) color: inherit"
/ua/brands/moto,light,mobile,log,"%c[Vercel Web Analytics]%c [view] http://localhost:3000/ua/brands/moto color: rgb(120, 120, 120) color: inherit {o: http://localhost:3000/ua/brands/moto, sv: 0.1.3, sdkn: @vercel/analytics/react, sdkv: 1.6.1, ts: 1778677896329} /_vercel/insights/view"
/ua/brands/moto,light,desktop,warning,"Image with src ""/logos/domino.svg"" was detected as the Largest Contentful Paint (LCP). Please add the `loading=""eager""` property if this image is above the fold.
Read more: https://nextjs.org/docs/app/api-reference/components/image#loading"
/ua/brands/europe,dark,desktop,log,"[Fast Refresh] done in 499ms"
/ua/brands/moto,light,desktop,log,"[Fast Refresh] done in 499ms"
/ua/brands/moto,light,mobile,log,"[Fast Refresh] done in 491ms"
/ua/brands/moto,dark,desktop,info,"%cDownload the React DevTools for a better development experience: https://react.dev/link/react-devtools font-weight:bold"
/ua/brands/moto,light,mobile,log,"[Fast Refresh] rebuilding"
/ua/brands/moto,light,desktop,log,"[Fast Refresh] rebuilding"
/ua/brands/moto,light,mobile,log,"[Fast Refresh] done in 472ms"
/ua/brands/moto,light,desktop,log,"[Fast Refresh] done in 472ms"
/ua/brands/moto,dark,desktop,log,"[HMR] connected"
/ua/brands/moto,dark,mobile,info,"%cDownload the React DevTools for a better development experience: https://react.dev/link/react-devtools font-weight:bold"
/ua/brands/moto,light,mobile,log,"[Fast Refresh] rebuilding"
/ua/brands/moto,dark,mobile,log,"[HMR] connected"
/ua/brands/moto,dark,desktop,log,"[Fast Refresh] rebuilding"
/ua/brands/moto,dark,desktop,log,"%c[Vercel Web Analytics]%c Debug mode is enabled by default in development. No requests will be sent to the server. color: rgb(120, 120, 120) color: inherit"
/ua/brands/moto,dark,desktop,log,"%c[Vercel Web Analytics]%c [view] http://localhost:3000/ua/brands/moto color: rgb(120, 120, 120) color: inherit {o: http://localhost:3000/ua/brands/moto, sv: 0.1.3, sdkn: @vercel/analytics/react, sdkv: 1.6.1, ts: 1778677898174} /_vercel/insights/view"
/ua/brands/moto,light,mobile,warning,"Image with src ""/logos/akrapovic.png"" was detected as the Largest Contentful Paint (LCP). Please add the `loading=""eager""` property if this image is above the fold.
Read more: https://nextjs.org/docs/app/api-reference/components/image#loading"
/ua/brands/moto,dark,desktop,log,"[Fast Refresh] done in 575ms"
/ua/brands/moto,light,mobile,log,"[Fast Refresh] done in 577ms"
/ua/brands/moto,dark,mobile,log,"%c[Vercel Web Analytics]%c Debug mode is enabled by default in development. No requests will be sent to the server. color: rgb(120, 120, 120) color: inherit"
/ua/brands/moto,dark,mobile,log,"%c[Vercel Web Analytics]%c [view] http://localhost:3000/ua/brands/moto color: rgb(120, 120, 120) color: inherit {o: http://localhost:3000/ua/brands/moto, sv: 0.1.3, sdkn: @vercel/analytics/react, sdkv: 1.6.1, ts: 1778677898454} /_vercel/insights/view"
/ua/brands/oem,light,desktop,info,"%cDownload the React DevTools for a better development experience: https://react.dev/link/react-devtools font-weight:bold"
/ua/brands/moto,dark,desktop,log,"[Fast Refresh] rebuilding"
/ua/brands/moto,dark,mobile,log,"[Fast Refresh] rebuilding"
/ua/brands/moto,dark,desktop,warning,"Image with src ""/logos/domino.svg"" was detected as the Largest Contentful Paint (LCP). Please add the `loading=""eager""` property if this image is above the fold.
Read more: https://nextjs.org/docs/app/api-reference/components/image#loading"
/ua/brands/oem,light,desktop,log,"[HMR] connected"
/ua/brands/moto,dark,mobile,warning,"Image with src ""/logos/akrapovic.png"" was detected as the Largest Contentful Paint (LCP). Please add the `loading=""eager""` property if this image is above the fold.
Read more: https://nextjs.org/docs/app/api-reference/components/image#loading"
/ua/brands/moto,dark,desktop,log,"[Fast Refresh] done in 498ms"
/ua/brands/moto,dark,mobile,log,"[Fast Refresh] done in 496ms"
/ua/brands/oem,light,desktop,log,"[Vercel Web Analytics] Failed to load script from https://va.vercel-scripts.com/v1/script.debug.js. Please check if any ad blockers are enabled and try again."
/ua/brands/oem,light,mobile,info,"%cDownload the React DevTools for a better development experience: https://react.dev/link/react-devtools font-weight:bold"
/ua/brands/oem,light,mobile,log,"[HMR] connected"
/ua/brands/oem,light,desktop,log,"[Fast Refresh] rebuilding"
/ua/brands/oem,light,mobile,log,"[Vercel Web Analytics] Failed to load script from https://va.vercel-scripts.com/v1/script.debug.js. Please check if any ad blockers are enabled and try again."
/ua/brands/oem,light,desktop,log,"[Fast Refresh] done in 524ms"
/ua/brands/oem,light,mobile,log,"[Fast Refresh] rebuilding"
/ua/brands/oem,dark,mobile,info,"%cDownload the React DevTools for a better development experience: https://react.dev/link/react-devtools font-weight:bold"
/ua/brands/oem,dark,desktop,info,"%cDownload the React DevTools for a better development experience: https://react.dev/link/react-devtools font-weight:bold"
/ua/brands/oem,dark,mobile,log,"[HMR] connected"
/ua/brands/oem,dark,desktop,log,"[HMR] connected"
/ua/brands/oem,light,mobile,log,"[Fast Refresh] done in 546ms"
/ua/brands/racing,light,desktop,info,"%cDownload the React DevTools for a better development experience: https://react.dev/link/react-devtools font-weight:bold"
/ua/brands/racing,light,desktop,log,"[HMR] connected"
/ua/brands/oem,dark,desktop,log,"[Vercel Web Analytics] Failed to load script from https://va.vercel-scripts.com/v1/script.debug.js. Please check if any ad blockers are enabled and try again."
/ua/brands/oem,dark,mobile,log,"[Fast Refresh] rebuilding"
/ua/brands/oem,dark,mobile,log,"[Vercel Web Analytics] Failed to load script from https://va.vercel-scripts.com/v1/script.debug.js. Please check if any ad blockers are enabled and try again."
/ua/brands/oem,dark,desktop,log,"[Fast Refresh] rebuilding"
/ua/brands/racing,light,desktop,log,"[Fast Refresh] rebuilding"
/ua/brands/racing,light,desktop,log,"[Vercel Web Analytics] Failed to load script from https://va.vercel-scripts.com/v1/script.debug.js. Please check if any ad blockers are enabled and try again."
/ua/brands/oem,dark,mobile,log,"[Fast Refresh] done in 532ms"
/ua/brands/oem,dark,desktop,log,"[Fast Refresh] done in 505ms"
/ua/brands/racing,light,desktop,log,"[Fast Refresh] done in 480ms"
/ua/brands/racing,light,mobile,info,"%cDownload the React DevTools for a better development experience: https://react.dev/link/react-devtools font-weight:bold"
/ua/brands/racing,light,desktop,log,"[Fast Refresh] rebuilding"
/ua/brands/oem,dark,desktop,log,"[Fast Refresh] rebuilding"
/ua/brands/racing,light,mobile,log,"[HMR] connected"
/ua/brands/racing,light,mobile,log,"[Vercel Web Analytics] Failed to load script from https://va.vercel-scripts.com/v1/script.debug.js. Please check if any ad blockers are enabled and try again."
/ua/brands/racing,light,desktop,log,"[Fast Refresh] done in 620ms"
/ua/brands/racing,light,mobile,log,"[Fast Refresh] rebuilding"
/ua/brands/racing,dark,mobile,info,"%cDownload the React DevTools for a better development experience: https://react.dev/link/react-devtools font-weight:bold"
/ua/brands/racing,dark,desktop,info,"%cDownload the React DevTools for a better development experience: https://react.dev/link/react-devtools font-weight:bold"
/ua/brands/racing,dark,mobile,log,"[HMR] connected"
/ua/brands/racing,dark,desktop,log,"[HMR] connected"
/ua/brands/racing,light,mobile,log,"[Fast Refresh] done in 555ms"
/ua/brands/racing,light,mobile,log,"[Fast Refresh] rebuilding"
/ua/brands/racing,dark,mobile,log,"[Fast Refresh] rebuilding"
/ua/brands/racing,dark,desktop,log,"[Fast Refresh] rebuilding"
/ua/brands/racing,dark,mobile,log,"[Fast Refresh] done in 233ms"
/ua/brands/racing,dark,desktop,log,"[Fast Refresh] done in 394ms"
/ua/brands/racing,dark,mobile,log,"[Fast Refresh] rebuilding"
/ua/brands/racing,dark,desktop,log,"[Fast Refresh] rebuilding"
/ua/brands/usa,light,desktop,info,"%cDownload the React DevTools for a better development experience: https://react.dev/link/react-devtools font-weight:bold"
/ua/brands/racing,dark,mobile,log,"[Vercel Web Analytics] Failed to load script from https://va.vercel-scripts.com/v1/script.debug.js. Please check if any ad blockers are enabled and try again."
/ua/brands/racing,dark,desktop,log,"[Vercel Web Analytics] Failed to load script from https://va.vercel-scripts.com/v1/script.debug.js. Please check if any ad blockers are enabled and try again."
/ua/brands/racing,dark,mobile,log,"[Fast Refresh] done in 355ms"
/ua/brands/racing,dark,desktop,log,"[Fast Refresh] done in 318ms"
/ua/brands/usa,light,desktop,log,"[HMR] connected"
/ua/brands/usa,light,desktop,log,"[Vercel Web Analytics] Failed to load script from https://va.vercel-scripts.com/v1/script.debug.js. Please check if any ad blockers are enabled and try again."
/ua/brands/usa,light,mobile,info,"%cDownload the React DevTools for a better development experience: https://react.dev/link/react-devtools font-weight:bold"
/ua/brands/usa,light,mobile,log,"[HMR] connected"
/ua/brands/usa,light,desktop,log,"[Fast Refresh] rebuilding"
/ua/brands/usa,light,mobile,log,"[Fast Refresh] rebuilding"
/ua/brands/usa,light,mobile,warning,"Image with src ""/logos/5150-autosport.webp"" was detected as the Largest Contentful Paint (LCP). Please add the `loading=""eager""` property if this image is above the fold.
Read more: https://nextjs.org/docs/app/api-reference/components/image#loading"
/ua/brands/usa,light,mobile,log,"[Vercel Web Analytics] Failed to load script from https://va.vercel-scripts.com/v1/script.debug.js. Please check if any ad blockers are enabled and try again."
/ua/brands/usa,light,desktop,log,"[Fast Refresh] done in 582ms"
/ua/brands/usa,light,mobile,log,"[Fast Refresh] done in 574ms"
/ua/brands/usa,light,mobile,log,"[Fast Refresh] rebuilding"
/ua/brands/usa,dark,mobile,info,"%cDownload the React DevTools for a better development experience: https://react.dev/link/react-devtools font-weight:bold"
/ua/brands/usa,dark,desktop,info,"%cDownload the React DevTools for a better development experience: https://react.dev/link/react-devtools font-weight:bold"
/ua/brands/usa,dark,desktop,log,"[HMR] connected"
/ua/brands/usa,dark,mobile,log,"[HMR] connected"
/ua/brands/usa,dark,desktop,warning,"Image with src ""/logos/5150-autosport.webp"" was detected as the Largest Contentful Paint (LCP). Please add the `loading=""eager""` property if this image is above the fold.
Read more: https://nextjs.org/docs/app/api-reference/components/image#loading"
/ua/brands/usa,dark,desktop,log,"[Vercel Web Analytics] Failed to load script from https://va.vercel-scripts.com/v1/script.debug.js. Please check if any ad blockers are enabled and try again."
/ua/brands/usa,dark,desktop,log,"[Fast Refresh] rebuilding"
/ua/brands/usa,dark,desktop,log,"[Fast Refresh] done in 292ms"
/ua/brands/usa,dark,mobile,warning,"Image with src ""/logos/5150-autosport.webp"" was detected as the Largest Contentful Paint (LCP). Please add the `loading=""eager""` property if this image is above the fold.
Read more: https://nextjs.org/docs/app/api-reference/components/image#loading"
/ua/brands/usa,dark,mobile,log,"[Fast Refresh] rebuilding"
/ua/brands/usa,dark,mobile,log,"[Fast Refresh] done in 278ms"
/ua/brands/usa,dark,mobile,log,"[Vercel Web Analytics] Failed to load script from https://va.vercel-scripts.com/v1/script.debug.js. Please check if any ad blockers are enabled and try again."
/ua/categories,light,desktop,info,"%cDownload the React DevTools for a better development experience: https://react.dev/link/react-devtools font-weight:bold"
/ua/categories,light,mobile,info,"%cDownload the React DevTools for a better development experience: https://react.dev/link/react-devtools font-weight:bold"
/ua/categories,light,desktop,log,"[HMR] connected"
/ua/categories,light,mobile,log,"[HMR] connected"
/ua/categories,light,desktop,log,"[Vercel Web Analytics] Failed to load script from https://va.vercel-scripts.com/v1/script.debug.js. Please check if any ad blockers are enabled and try again."
/ua/categories,light,mobile,log,"[Vercel Web Analytics] Failed to load script from https://va.vercel-scripts.com/v1/script.debug.js. Please check if any ad blockers are enabled and try again."
/ua/categories,light,mobile,log,"[Fast Refresh] rebuilding"
/ua/categories,light,desktop,log,"[Fast Refresh] rebuilding"
/ua/categories,light,desktop,log,"[Fast Refresh] done in 492ms"
/ua/categories,light,mobile,log,"[Fast Refresh] done in 492ms"
/ua/categories,light,desktop,log,"[Fast Refresh] rebuilding"
/ua/categories,dark,mobile,info,"%cDownload the React DevTools for a better development experience: https://react.dev/link/react-devtools font-weight:bold"
/ua/categories,dark,desktop,info,"%cDownload the React DevTools for a better development experience: https://react.dev/link/react-devtools font-weight:bold"
/ua/categories,dark,mobile,log,"[HMR] connected"
/ua/categories,dark,desktop,log,"[HMR] connected"
/ua/categories,dark,mobile,log,"[Fast Refresh] rebuilding"
/ua/categories,dark,desktop,log,"[Fast Refresh] rebuilding"
/ua/categories,dark,mobile,log,"[Vercel Web Analytics] Failed to load script from https://va.vercel-scripts.com/v1/script.debug.js. Please check if any ad blockers are enabled and try again."
/ua/categories,dark,desktop,log,"[Vercel Web Analytics] Failed to load script from https://va.vercel-scripts.com/v1/script.debug.js. Please check if any ad blockers are enabled and try again."
/en/categories,light,desktop,info,"%cDownload the React DevTools for a better development experience: https://react.dev/link/react-devtools font-weight:bold"
/en/categories,light,desktop,log,"[HMR] connected"
/ua/categories,dark,desktop,log,"[Fast Refresh] done in 544ms"
/ua/categories,dark,mobile,log,"[Fast Refresh] done in 544ms"
/en/categories,light,desktop,log,"[Vercel Web Analytics] Failed to load script from https://va.vercel-scripts.com/v1/script.debug.js. Please check if any ad blockers are enabled and try again."
/en/categories,light,mobile,info,"%cDownload the React DevTools for a better development experience: https://react.dev/link/react-devtools font-weight:bold"
/en/categories,light,mobile,log,"[HMR] connected"
/en/categories,light,mobile,log,"[Vercel Web Analytics] Failed to load script from https://va.vercel-scripts.com/v1/script.debug.js. Please check if any ad blockers are enabled and try again."
/ua/categories,dark,desktop,log,"[Fast Refresh] rebuilding"
/en/categories,light,desktop,log,"[Fast Refresh] rebuilding"
/en/categories,light,mobile,log,"[Fast Refresh] rebuilding"
/en/categories,light,mobile,log,"[Fast Refresh] done in 447ms"
/en/categories,light,desktop,log,"[Fast Refresh] done in 447ms"
/en/categories,light,mobile,log,"[Fast Refresh] rebuilding"
/en/categories,light,desktop,log,"[Fast Refresh] rebuilding"
/en/categories,dark,desktop,info,"%cDownload the React DevTools for a better development experience: https://react.dev/link/react-devtools font-weight:bold"
/en/categories,dark,desktop,log,"[HMR] connected"
/en/categories,light,mobile,log,"[Fast Refresh] done in 563ms"
/en/categories,dark,desktop,log,"[Vercel Web Analytics] Failed to load script from https://va.vercel-scripts.com/v1/script.debug.js. Please check if any ad blockers are enabled and try again."
/en/categories,dark,desktop,log,"[Fast Refresh] rebuilding"
/en/categories,dark,mobile,info,"%cDownload the React DevTools for a better development experience: https://react.dev/link/react-devtools font-weight:bold"
/ua/choice,light,desktop,info,"%cDownload the React DevTools for a better development experience: https://react.dev/link/react-devtools font-weight:bold"
/ua/choice,light,desktop,log,"[HMR] connected"
/en/categories,dark,mobile,log,"[HMR] connected"
/en/categories,dark,desktop,log,"[Fast Refresh] done in 564ms"
/ua/choice,light,desktop,warning,"GSAP target null not found. https://gsap.com"
/ua/choice,light,desktop,warning,"GSAP target  not found. https://gsap.com"
/ua/choice,light,desktop,warning,"GSAP target null not found. https://gsap.com"
/ua/choice,light,desktop,warning,"GSAP target  not found. https://gsap.com"
/ua/choice,light,desktop,warning,"Image with src ""http://localhost:3000/logos/kw-suspension.svg"" has either width or height modified, but not the other. If you use CSS to change the size of your image, also include the styles 'width: ""auto""' or 'height: ""auto""' to maintain the aspect ratio."
/ua/choice,light,desktop,log,"[Vercel Web Analytics] Failed to load script from https://va.vercel-scripts.com/v1/script.debug.js. Please check if any ad blockers are enabled and try again."
/ua/choice,light,desktop,warning,"Image with src ""http://localhost:3000/logos/akrapovic.png"" has either width or height modified, but not the other. If you use CSS to change the size of your image, also include the styles 'width: ""auto""' or 'height: ""auto""' to maintain the aspect ratio."
/ua/choice,light,desktop,warning,"Image with src ""http://localhost:3000/logos/brembo.png"" has either width or height modified, but not the other. If you use CSS to change the size of your image, also include the styles 'width: ""auto""' or 'height: ""auto""' to maintain the aspect ratio."
/en/categories,dark,mobile,log,"[Vercel Web Analytics] Failed to load script from https://va.vercel-scripts.com/v1/script.debug.js. Please check if any ad blockers are enabled and try again."
/ua/choice,light,desktop,warning,"Image with src ""http://localhost:3000/logos/eventuri-v2.png"" has either width or height modified, but not the other. If you use CSS to change the size of your image, also include the styles 'width: ""auto""' or 'height: ""auto""' to maintain the aspect ratio."
/ua/choice,light,desktop,warning,"Image with src ""http://localhost:3000/logos/fi-exhaust.svg"" has either width or height modified, but not the other. If you use CSS to change the size of your image, also include the styles 'width: ""auto""' or 'height: ""auto""' to maintain the aspect ratio."
/ua/choice,light,desktop,warning,"Image with src ""http://localhost:3000/logos/brabus.svg"" has either width or height modified, but not the other. If you use CSS to change the size of your image, also include the styles 'width: ""auto""' or 'height: ""auto""' to maintain the aspect ratio."
/ua/choice,light,desktop,warning,"Image with src ""http://localhost:3000/logos/novitec.svg"" has either width or height modified, but not the other. If you use CSS to change the size of your image, also include the styles 'width: ""auto""' or 'height: ""auto""' to maintain the aspect ratio."
/ua/choice,light,desktop,warning,"Image with src ""http://localhost:3000/logos/ac-schnitzer.png"" has either width or height modified, but not the other. If you use CSS to change the size of your image, also include the styles 'width: ""auto""' or 'height: ""auto""' to maintain the aspect ratio."
/ua/choice,light,desktop,warning,"Image with src ""http://localhost:3000/logos/techart.svg"" has either width or height modified, but not the other. If you use CSS to change the size of your image, also include the styles 'width: ""auto""' or 'height: ""auto""' to maintain the aspect ratio."
/ua/choice,light,desktop,warning,"Image with src ""http://localhost:3000/logos/abt.png"" has either width or height modified, but not the other. If you use CSS to change the size of your image, also include the styles 'width: ""auto""' or 'height: ""auto""' to maintain the aspect ratio."
/ua/choice,light,desktop,warning,"Image with src ""/logos/brembo.png"" has ""fill"" but is missing ""sizes"" prop. Please add it to improve page performance. Read more: https://nextjs.org/docs/api-reference/next/image#sizes"
/en/categories,dark,mobile,log,"[Fast Refresh] rebuilding"
/ua/choice,light,desktop,log,"[Fast Refresh] rebuilding"
/en/categories,dark,mobile,log,"[Fast Refresh] done in 115ms"
/ua/choice,light,desktop,log,"[Fast Refresh] done in 115ms"
/ua/choice,light,desktop,error,"Failed to load resource: the server responded with a status of 400 (Bad Request)"
/en/categories,dark,mobile,log,"[Fast Refresh] rebuilding"
/ua/choice,light,desktop,log,"[Fast Refresh] rebuilding"
/en/categories,dark,desktop,log,"[Fast Refresh] rebuilding"
/ua/choice,light,desktop,log,"[Fast Refresh] done in 124ms"
/en/categories,dark,mobile,log,"[Fast Refresh] done in 124ms"
/en/categories,dark,desktop,log,"[Fast Refresh] done in 125ms"
/ua/choice,light,mobile,info,"%cDownload the React DevTools for a better development experience: https://react.dev/link/react-devtools font-weight:bold"
/ua/choice,light,desktop,error,"Failed to load resource: the server responded with a status of 400 (Bad Request)"
/ua/choice,light,desktop,error,"Failed to load resource: the server responded with a status of 400 (Bad Request)"
/ua/choice,light,mobile,log,"[HMR] connected"
/ua/choice,light,desktop,error,"Failed to load resource: the server responded with a status of 400 (Bad Request)"
/ua/choice,light,desktop,error,"Failed to load resource: the server responded with a status of 400 (Bad Request)"
/ua/choice,light,desktop,warning,"Image with src ""http://localhost:3000/logos/hre-wheels.png"" has either width or height modified, but not the other. If you use CSS to change the size of your image, also include the styles 'width: ""auto""' or 'height: ""auto""' to maintain the aspect ratio."
/ua/choice,light,desktop,warning,"Image with src ""/logos/kw-official.png"" has ""fill"" but is missing ""sizes"" prop. Please add it to improve page performance. Read more: https://nextjs.org/docs/api-reference/next/image#sizes"
/ua/choice,light,desktop,error,"Failed to load resource: the server responded with a status of 400 (Bad Request)"
/ua/choice,light,desktop,warning,"Image with src ""http://localhost:3000/branding/one-company-logo.svg"" has either width or height modified, but not the other. If you use CSS to change the size of your image, also include the styles 'width: ""auto""' or 'height: ""auto""' to maintain the aspect ratio."
/ua/choice,light,desktop,log,"[Fast Refresh] rebuilding"
/en/categories,dark,mobile,log,"[Fast Refresh] rebuilding"
/ua/choice,light,mobile,log,"[Fast Refresh] rebuilding"
/ua/choice,light,mobile,warning,"GSAP target null not found. https://gsap.com"
/ua/choice,light,mobile,warning,"GSAP target  not found. https://gsap.com"
/ua/choice,light,mobile,warning,"GSAP target null not found. https://gsap.com"
/ua/choice,light,mobile,warning,"GSAP target  not found. https://gsap.com"
/ua/choice,light,mobile,log,"[Vercel Web Analytics] Failed to load script from https://va.vercel-scripts.com/v1/script.debug.js. Please check if any ad blockers are enabled and try again."
/ua/choice,light,mobile,warning,"Image with src ""http://localhost:3000/logos/kw-suspension.svg"" has either width or height modified, but not the other. If you use CSS to change the size of your image, also include the styles 'width: ""auto""' or 'height: ""auto""' to maintain the aspect ratio."
/ua/choice,light,mobile,warning,"Image with src ""http://localhost:3000/logos/akrapovic.png"" has either width or height modified, but not the other. If you use CSS to change the size of your image, also include the styles 'width: ""auto""' or 'height: ""auto""' to maintain the aspect ratio."
/ua/choice,light,mobile,warning,"Image with src ""http://localhost:3000/logos/brembo.png"" has either width or height modified, but not the other. If you use CSS to change the size of your image, also include the styles 'width: ""auto""' or 'height: ""auto""' to maintain the aspect ratio."
/ua/choice,light,mobile,warning,"Image with src ""http://localhost:3000/logos/eventuri-v2.png"" has either width or height modified, but not the other. If you use CSS to change the size of your image, also include the styles 'width: ""auto""' or 'height: ""auto""' to maintain the aspect ratio."
/ua/choice,light,mobile,log,"[Fast Refresh] done in 1269ms"
/ua/choice,light,mobile,warning,"Image with src ""http://localhost:3000/logos/fi-exhaust.svg"" has either width or height modified, but not the other. If you use CSS to change the size of your image, also include the styles 'width: ""auto""' or 'height: ""auto""' to maintain the aspect ratio."
/ua/choice,light,mobile,warning,"Image with src ""http://localhost:3000/logos/brabus.svg"" has either width or height modified, but not the other. If you use CSS to change the size of your image, also include the styles 'width: ""auto""' or 'height: ""auto""' to maintain the aspect ratio."
/ua/choice,light,mobile,warning,"Image with src ""http://localhost:3000/logos/novitec.svg"" has either width or height modified, but not the other. If you use CSS to change the size of your image, also include the styles 'width: ""auto""' or 'height: ""auto""' to maintain the aspect ratio."
/ua/choice,light,mobile,log,"[Fast Refresh] rebuilding"
/ua/choice,light,mobile,warning,"Image with src ""http://localhost:3000/logos/techart.svg"" has either width or height modified, but not the other. If you use CSS to change the size of your image, also include the styles 'width: ""auto""' or 'height: ""auto""' to maintain the aspect ratio."
/ua/choice,light,mobile,warning,"Image with src ""/logos/brembo.png"" has ""fill"" but is missing ""sizes"" prop. Please add it to improve page performance. Read more: https://nextjs.org/docs/api-reference/next/image#sizes"
/ua/choice,light,mobile,warning,"Image with src ""http://localhost:3000/logos/abt.png"" has either width or height modified, but not the other. If you use CSS to change the size of your image, also include the styles 'width: ""auto""' or 'height: ""auto""' to maintain the aspect ratio."
/ua/choice,dark,desktop,info,"%cDownload the React DevTools for a better development experience: https://react.dev/link/react-devtools font-weight:bold"
/ua/contact,light,desktop,info,"%cDownload the React DevTools for a better development experience: https://react.dev/link/react-devtools font-weight:bold"
/ua/choice,dark,mobile,info,"%cDownload the React DevTools for a better development experience: https://react.dev/link/react-devtools font-weight:bold"
/ua/choice,dark,desktop,log,"[HMR] connected"
/ua/contact,light,mobile,info,"%cDownload the React DevTools for a better development experience: https://react.dev/link/react-devtools font-weight:bold"
/ua/choice,dark,mobile,log,"[HMR] connected"
/ua/contact,light,desktop,log,"[HMR] connected"
/ua/contact,light,mobile,log,"[HMR] connected"
/ua/contact,light,desktop,log,"[Vercel Web Analytics] Failed to load script from https://va.vercel-scripts.com/v1/script.debug.js. Please check if any ad blockers are enabled and try again."
/ua/choice,dark,mobile,warning,"GSAP target null not found. https://gsap.com"
/ua/choice,dark,mobile,warning,"GSAP target  not found. https://gsap.com"
/ua/choice,dark,mobile,warning,"GSAP target null not found. https://gsap.com"
/ua/choice,dark,mobile,warning,"GSAP target  not found. https://gsap.com"
/ua/contact,light,mobile,log,"[Vercel Web Analytics] Failed to load script from https://va.vercel-scripts.com/v1/script.debug.js. Please check if any ad blockers are enabled and try again."
/ua/choice,dark,desktop,warning,"GSAP target null not found. https://gsap.com"
/ua/choice,dark,desktop,warning,"GSAP target  not found. https://gsap.com"
/ua/choice,dark,desktop,warning,"GSAP target null not found. https://gsap.com"
/ua/choice,dark,desktop,warning,"GSAP target  not found. https://gsap.com"
/ua/contact,light,desktop,log,"[Fast Refresh] rebuilding"
/ua/contact,light,mobile,log,"[Fast Refresh] rebuilding"
/ua/contact,light,desktop,log,"[Fast Refresh] done in 106ms"
/ua/contact,light,mobile,log,"[Fast Refresh] done in 105ms"
/ua/choice,dark,mobile,warning,"Image with src ""http://localhost:3000/logos/kw-suspension.svg"" has either width or height modified, but not the other. If you use CSS to change the size of your image, also include the styles 'width: ""auto""' or 'height: ""auto""' to maintain the aspect ratio."
/ua/choice,dark,mobile,warning,"Image with src ""http://localhost:3000/logos/fi-exhaust.svg"" has either width or height modified, but not the other. If you use CSS to change the size of your image, also include the styles 'width: ""auto""' or 'height: ""auto""' to maintain the aspect ratio."
/ua/choice,dark,mobile,warning,"Image with src ""http://localhost:3000/logos/brabus.svg"" has either width or height modified, but not the other. If you use CSS to change the size of your image, also include the styles 'width: ""auto""' or 'height: ""auto""' to maintain the aspect ratio."
/ua/choice,dark,mobile,warning,"Image with src ""http://localhost:3000/logos/novitec.svg"" has either width or height modified, but not the other. If you use CSS to change the size of your image, also include the styles 'width: ""auto""' or 'height: ""auto""' to maintain the aspect ratio."
/ua/choice,dark,mobile,warning,"Image with src ""http://localhost:3000/logos/techart.svg"" has either width or height modified, but not the other. If you use CSS to change the size of your image, also include the styles 'width: ""auto""' or 'height: ""auto""' to maintain the aspect ratio."
/ua/choice,dark,mobile,warning,"Image with src ""http://localhost:3000/logos/akrapovic.png"" has either width or height modified, but not the other. If you use CSS to change the size of your image, also include the styles 'width: ""auto""' or 'height: ""auto""' to maintain the aspect ratio."
/ua/choice,dark,mobile,warning,"Image with src ""http://localhost:3000/logos/brembo.png"" has either width or height modified, but not the other. If you use CSS to change the size of your image, also include the styles 'width: ""auto""' or 'height: ""auto""' to maintain the aspect ratio."
/ua/choice,dark,mobile,warning,"Image with src ""http://localhost:3000/logos/eventuri-v2.png"" has either width or height modified, but not the other. If you use CSS to change the size of your image, also include the styles 'width: ""auto""' or 'height: ""auto""' to maintain the aspect ratio."
/ua/choice,dark,mobile,warning,"Image with src ""/logos/brembo.png"" has ""fill"" but is missing ""sizes"" prop. Please add it to improve page performance. Read more: https://nextjs.org/docs/api-reference/next/image#sizes"
/ua/choice,dark,mobile,log,"[Vercel Web Analytics] Failed to load script from https://va.vercel-scripts.com/v1/script.debug.js. Please check if any ad blockers are enabled and try again."
/ua/choice,dark,mobile,warning,"Image with src ""http://localhost:3000/logos/abt.png"" has either width or height modified, but not the other. If you use CSS to change the size of your image, also include the styles 'width: ""auto""' or 'height: ""auto""' to maintain the aspect ratio."
/ua/choice,dark,mobile,error,"Failed to load resource: the server responded with a status of 400 (Bad Request)"
/ua/choice,dark,desktop,warning,"Image with src ""http://localhost:3000/logos/brembo.png"" has either width or height modified, but not the other. If you use CSS to change the size of your image, also include the styles 'width: ""auto""' or 'height: ""auto""' to maintain the aspect ratio."
/ua/choice,dark,desktop,log,"[Vercel Web Analytics] Failed to load script from https://va.vercel-scripts.com/v1/script.debug.js. Please check if any ad blockers are enabled and try again."
/ua/choice,dark,desktop,warning,"Image with src ""http://localhost:3000/logos/kw-suspension.svg"" has either width or height modified, but not the other. If you use CSS to change the size of your image, also include the styles 'width: ""auto""' or 'height: ""auto""' to maintain the aspect ratio."
/ua/choice,dark,desktop,warning,"Image with src ""http://localhost:3000/logos/akrapovic.png"" has either width or height modified, but not the other. If you use CSS to change the size of your image, also include the styles 'width: ""auto""' or 'height: ""auto""' to maintain the aspect ratio."
/ua/contact,light,desktop,log,"[Fast Refresh] rebuilding"
/ua/contact,light,mobile,log,"[Fast Refresh] rebuilding"
/ua/choice,dark,mobile,log,"[Fast Refresh] rebuilding"
/ua/choice,dark,desktop,log,"[Fast Refresh] rebuilding"
/ua/contact,light,mobile,log,"[Fast Refresh] done in 227ms"
/ua/contact,light,desktop,log,"[Fast Refresh] done in 227ms"
/ua/choice,dark,desktop,log,"[Fast Refresh] done in 215ms"
/ua/choice,dark,mobile,log,"[Fast Refresh] done in 227ms"
/ua/choice,dark,mobile,log,"[Fast Refresh] rebuilding"
/ua/contact,light,desktop,log,"[Fast Refresh] rebuilding"
/ua/choice,dark,desktop,log,"[Fast Refresh] rebuilding"
/ua/contact,light,mobile,log,"[Fast Refresh] rebuilding"
/ua/choice,dark,desktop,warning,"Image with src ""http://localhost:3000/logos/eventuri-v2.png"" has either width or height modified, but not the other. If you use CSS to change the size of your image, also include the styles 'width: ""auto""' or 'height: ""auto""' to maintain the aspect ratio."
/ua/choice,dark,desktop,log,"[Fast Refresh] done in 181ms"
/ua/contact,light,mobile,log,"[Fast Refresh] done in 182ms"
/ua/choice,dark,desktop,warning,"Image with src ""http://localhost:3000/logos/fi-exhaust.svg"" has either width or height modified, but not the other. If you use CSS to change the size of your image, also include the styles 'width: ""auto""' or 'height: ""auto""' to maintain the aspect ratio."
/ua/choice,dark,mobile,error,"Failed to load resource: the server responded with a status of 400 (Bad Request)"
/ua/choice,dark,mobile,error,"Failed to load resource: the server responded with a status of 400 (Bad Request)"
/ua/contact,light,desktop,log,"[Fast Refresh] done in 238ms"
/ua/choice,dark,desktop,warning,"Image with src ""http://localhost:3000/logos/brabus.svg"" has either width or height modified, but not the other. If you use CSS to change the size of your image, also include the styles 'width: ""auto""' or 'height: ""auto""' to maintain the aspect ratio."
/ua/choice,dark,mobile,error,"Failed to load resource: the server responded with a status of 400 (Bad Request)"
/ua/choice,dark,mobile,log,"[Fast Refresh] done in 268ms"
/ua/contact,light,mobile,log,"[Fast Refresh] rebuilding"
/ua/contact,light,desktop,log,"[Fast Refresh] rebuilding"
/ua/choice,dark,mobile,log,"[Fast Refresh] rebuilding"
/ua/choice,dark,desktop,log,"[Fast Refresh] rebuilding"
/ua/choice,dark,desktop,log,"[Fast Refresh] done in 219ms"
/ua/contact,light,desktop,log,"[Fast Refresh] done in 219ms"
/ua/choice,dark,mobile,log,"[Fast Refresh] done in 198ms"
/ua/contact,light,mobile,log,"[Fast Refresh] done in 211ms"
/ua/choice,dark,desktop,warning,"Image with src ""http://localhost:3000/logos/novitec.svg"" has either width or height modified, but not the other. If you use CSS to change the size of your image, also include the styles 'width: ""auto""' or 'height: ""auto""' to maintain the aspect ratio."
/ua/choice,dark,desktop,warning,"Image with src ""http://localhost:3000/logos/techart.svg"" has either width or height modified, but not the other. If you use CSS to change the size of your image, also include the styles 'width: ""auto""' or 'height: ""auto""' to maintain the aspect ratio."
/ua/choice,dark,mobile,warning,"Image with src ""/logos/kw-official.png"" has ""fill"" but is missing ""sizes"" prop. Please add it to improve page performance. Read more: https://nextjs.org/docs/api-reference/next/image#sizes"
/ua/choice,dark,desktop,warning,"Image with src ""http://localhost:3000/logos/ac-schnitzer.png"" has either width or height modified, but not the other. If you use CSS to change the size of your image, also include the styles 'width: ""auto""' or 'height: ""auto""' to maintain the aspect ratio."
/ua/choice,dark,mobile,error,"Failed to load resource: the server responded with a status of 400 (Bad Request)"
/ua/choice,dark,desktop,warning,"Image with src ""http://localhost:3000/logos/abt.png"" has either width or height modified, but not the other. If you use CSS to change the size of your image, also include the styles 'width: ""auto""' or 'height: ""auto""' to maintain the aspect ratio."
/ua/choice,dark,mobile,log,"[Fast Refresh] rebuilding"
/ua/contact,light,mobile,log,"[Fast Refresh] rebuilding"
/ua/choice,dark,desktop,log,"[Fast Refresh] rebuilding"
/ua/contact,light,desktop,log,"[Fast Refresh] rebuilding"
/ua/contact,light,desktop,log,"[Fast Refresh] done in 126ms"
/ua/choice,dark,mobile,log,"[Fast Refresh] done in 126ms"
/ua/contact,light,mobile,log,"[Fast Refresh] done in 126ms"
/ua/choice,dark,desktop,log,"[Fast Refresh] done in 126ms"
/ua/choice,dark,mobile,warning,"Image with src ""http://localhost:3000/branding/one-company-logo.svg"" has either width or height modified, but not the other. If you use CSS to change the size of your image, also include the styles 'width: ""auto""' or 'height: ""auto""' to maintain the aspect ratio."
/ua/choice,dark,desktop,warning,"Image with src ""/logos/brembo.png"" has ""fill"" but is missing ""sizes"" prop. Please add it to improve page performance. Read more: https://nextjs.org/docs/api-reference/next/image#sizes"
/ua/choice,dark,mobile,warning,"Image with src ""http://localhost:3000/logos/ac-schnitzer.png"" has either width or height modified, but not the other. If you use CSS to change the size of your image, also include the styles 'width: ""auto""' or 'height: ""auto""' to maintain the aspect ratio."
/ua/choice,dark,mobile,error,"Failed to load resource: the server responded with a status of 400 (Bad Request)"
/ua/choice,dark,desktop,log,"[Fast Refresh] rebuilding"
/ua/contact,light,desktop,log,"[Fast Refresh] rebuilding"
/ua/choice,dark,mobile,log,"[Fast Refresh] rebuilding"
/ua/contact,light,desktop,log,"[Fast Refresh] done in 193ms"
/ua/choice,dark,mobile,log,"[Fast Refresh] done in 193ms"
/ua/choice,dark,desktop,log,"[Fast Refresh] done in 195ms"
/ua/choice,dark,desktop,error,"Failed to load resource: the server responded with a status of 400 (Bad Request)"
/ua/choice,dark,desktop,error,"Failed to load resource: the server responded with a status of 400 (Bad Request)"
/ua/choice,dark,desktop,log,"[Fast Refresh] rebuilding"
/ua/contact,light,desktop,log,"[Fast Refresh] rebuilding"
/ua/contact,light,desktop,log,"[Fast Refresh] done in 443ms"
/ua/choice,dark,desktop,log,"[Fast Refresh] done in 440ms"
/ua/contact,dark,desktop,info,"%cDownload the React DevTools for a better development experience: https://react.dev/link/react-devtools font-weight:bold"
/ua/contact,dark,desktop,log,"[HMR] connected"
/ua/delivery,light,desktop,info,"%cDownload the React DevTools for a better development experience: https://react.dev/link/react-devtools font-weight:bold"
/ua/delivery,light,mobile,info,"%cDownload the React DevTools for a better development experience: https://react.dev/link/react-devtools font-weight:bold"
/ua/contact,dark,desktop,log,"[Vercel Web Analytics] Failed to load script from https://va.vercel-scripts.com/v1/script.debug.js. Please check if any ad blockers are enabled and try again."
/ua/contact,dark,mobile,info,"%cDownload the React DevTools for a better development experience: https://react.dev/link/react-devtools font-weight:bold"
/ua/delivery,light,desktop,log,"[HMR] connected"
/ua/delivery,light,mobile,log,"[HMR] connected"
/ua/contact,dark,mobile,log,"[HMR] connected"
/ua/delivery,light,desktop,log,"[Vercel Web Analytics] Failed to load script from https://va.vercel-scripts.com/v1/script.debug.js. Please check if any ad blockers are enabled and try again."
/ua/delivery,light,mobile,log,"[Vercel Web Analytics] Failed to load script from https://va.vercel-scripts.com/v1/script.debug.js. Please check if any ad blockers are enabled and try again."
/ua/contact,dark,mobile,log,"[Vercel Web Analytics] Failed to load script from https://va.vercel-scripts.com/v1/script.debug.js. Please check if any ad blockers are enabled and try again."
/ua/delivery,light,desktop,log,"[Fast Refresh] rebuilding"
/ua/delivery,light,mobile,log,"[Fast Refresh] rebuilding"
/ua/contact,dark,mobile,log,"[Fast Refresh] rebuilding"
/ua/delivery,light,desktop,log,"[Fast Refresh] done in 431ms"
/ua/delivery,light,mobile,log,"[Fast Refresh] done in 431ms"
/ua/contact,dark,mobile,log,"[Fast Refresh] done in 432ms"
/ua/delivery,dark,desktop,info,"%cDownload the React DevTools for a better development experience: https://react.dev/link/react-devtools font-weight:bold"
/ua/delivery,dark,desktop,log,"[HMR] connected"
/ua/delivery,dark,desktop,log,"[Vercel Web Analytics] Failed to load script from https://va.vercel-scripts.com/v1/script.debug.js. Please check if any ad blockers are enabled and try again."
/ua/delivery,dark,mobile,info,"%cDownload the React DevTools for a better development experience: https://react.dev/link/react-devtools font-weight:bold"
/ua/moto,light,mobile,info,"%cDownload the React DevTools for a better development experience: https://react.dev/link/react-devtools font-weight:bold"
/ua/moto,light,desktop,info,"%cDownload the React DevTools for a better development experience: https://react.dev/link/react-devtools font-weight:bold"
/ua/delivery,dark,mobile,log,"[HMR] connected"
/ua/moto,light,mobile,log,"[HMR] connected"
/ua/moto,light,desktop,log,"[HMR] connected"
/ua/delivery,dark,mobile,log,"[Fast Refresh] rebuilding"
/ua/moto,light,desktop,log,"[Fast Refresh] rebuilding"
/ua/moto,light,mobile,log,"[Fast Refresh] rebuilding"
/ua/delivery,dark,mobile,log,"[Vercel Web Analytics] Failed to load script from https://va.vercel-scripts.com/v1/script.debug.js. Please check if any ad blockers are enabled and try again."
/ua/moto,light,mobile,log,"[Vercel Web Analytics] Failed to load script from https://va.vercel-scripts.com/v1/script.debug.js. Please check if any ad blockers are enabled and try again."
/ua/moto,light,desktop,log,"[Vercel Web Analytics] Failed to load script from https://va.vercel-scripts.com/v1/script.debug.js. Please check if any ad blockers are enabled and try again."
/ua/delivery,dark,mobile,log,"[Fast Refresh] done in 705ms"
/ua/moto,light,desktop,log,"[Fast Refresh] done in 698ms"
/ua/moto,light,mobile,log,"[Fast Refresh] done in 702ms"
/ua/moto,dark,desktop,info,"%cDownload the React DevTools for a better development experience: https://react.dev/link/react-devtools font-weight:bold"
/ua/moto,dark,desktop,log,"[HMR] connected"
/ua/moto,light,desktop,log,"[Fast Refresh] rebuilding"
/ua/moto,light,mobile,log,"[Fast Refresh] rebuilding"
/ua/moto,dark,desktop,log,"[Fast Refresh] rebuilding"
/ua/moto,dark,desktop,log,"[Vercel Web Analytics] Failed to load script from https://va.vercel-scripts.com/v1/script.debug.js. Please check if any ad blockers are enabled and try again."
/ua/moto,dark,desktop,log,"[Fast Refresh] done in 290ms"
/ua/moto,dark,desktop,log,"[Fast Refresh] rebuilding"
/ua/moto,dark,desktop,log,"[Fast Refresh] done in 536ms"
/ua/partnership,light,desktop,info,"%cDownload the React DevTools for a better development experience: https://react.dev/link/react-devtools font-weight:bold"
/ua/partnership,light,mobile,info,"%cDownload the React DevTools for a better development experience: https://react.dev/link/react-devtools font-weight:bold"
/ua/moto,dark,mobile,info,"%cDownload the React DevTools for a better development experience: https://react.dev/link/react-devtools font-weight:bold"
/ua/partnership,light,desktop,log,"[HMR] connected"
/ua/partnership,light,mobile,log,"[HMR] connected"
/ua/moto,dark,mobile,log,"[HMR] connected"
/ua/partnership,light,desktop,log,"[Vercel Web Analytics] Failed to load script from https://va.vercel-scripts.com/v1/script.debug.js. Please check if any ad blockers are enabled and try again."
/ua/partnership,light,mobile,log,"[Vercel Web Analytics] Failed to load script from https://va.vercel-scripts.com/v1/script.debug.js. Please check if any ad blockers are enabled and try again."
/ua/moto,dark,mobile,log,"[Vercel Web Analytics] Failed to load script from https://va.vercel-scripts.com/v1/script.debug.js. Please check if any ad blockers are enabled and try again."
/ua/partnership,dark,desktop,info,"%cDownload the React DevTools for a better development experience: https://react.dev/link/react-devtools font-weight:bold"
/ua/partnership,dark,desktop,log,"[HMR] connected"
/ua/partnership,dark,desktop,log,"[Vercel Web Analytics] Failed to load script from https://va.vercel-scripts.com/v1/script.debug.js. Please check if any ad blockers are enabled and try again."
/ua/partnership,dark,desktop,log,"[Fast Refresh] rebuilding"
/ua/partnership,dark,desktop,log,"[Fast Refresh] done in 541ms"
/ua/privacy,light,mobile,info,"%cDownload the React DevTools for a better development experience: https://react.dev/link/react-devtools font-weight:bold"
/ua/privacy,light,desktop,info,"%cDownload the React DevTools for a better development experience: https://react.dev/link/react-devtools font-weight:bold"
/ua/partnership,dark,mobile,info,"%cDownload the React DevTools for a better development experience: https://react.dev/link/react-devtools font-weight:bold"
/ua/privacy,light,mobile,log,"[HMR] connected"
/ua/privacy,light,desktop,log,"[HMR] connected"
/ua/partnership,dark,mobile,log,"[HMR] connected"
/ua/privacy,light,mobile,log,"[Vercel Web Analytics] Failed to load script from https://va.vercel-scripts.com/v1/script.debug.js. Please check if any ad blockers are enabled and try again."
/ua/privacy,light,desktop,log,"[Vercel Web Analytics] Failed to load script from https://va.vercel-scripts.com/v1/script.debug.js. Please check if any ad blockers are enabled and try again."
/ua/privacy,dark,desktop,info,"%cDownload the React DevTools for a better development experience: https://react.dev/link/react-devtools font-weight:bold"
/ua/partnership,dark,mobile,log,"[Vercel Web Analytics] Failed to load script from https://va.vercel-scripts.com/v1/script.debug.js. Please check if any ad blockers are enabled and try again."
/ua/privacy,dark,desktop,log,"[HMR] connected"
/ua/privacy,dark,desktop,log,"[Vercel Web Analytics] Failed to load script from https://va.vercel-scripts.com/v1/script.debug.js. Please check if any ad blockers are enabled and try again."
/ua/privacy,dark,desktop,log,"[Fast Refresh] rebuilding"
/ua/privacy,dark,desktop,log,"[Fast Refresh] done in 470ms"
/ua/cookies,light,mobile,info,"%cDownload the React DevTools for a better development experience: https://react.dev/link/react-devtools font-weight:bold"
/ua/privacy,dark,mobile,info,"%cDownload the React DevTools for a better development experience: https://react.dev/link/react-devtools font-weight:bold"
/ua/cookies,light,desktop,info,"%cDownload the React DevTools for a better development experience: https://react.dev/link/react-devtools font-weight:bold"
/ua/cookies,light,mobile,log,"[HMR] connected"
/ua/privacy,dark,mobile,log,"[HMR] connected"
/ua/cookies,light,desktop,log,"[HMR] connected"
/ua/cookies,dark,desktop,info,"%cDownload the React DevTools for a better development experience: https://react.dev/link/react-devtools font-weight:bold"
/ua/cookies,light,mobile,log,"[Vercel Web Analytics] Failed to load script from https://va.vercel-scripts.com/v1/script.debug.js. Please check if any ad blockers are enabled and try again."
/ua/cookies,light,desktop,log,"[Vercel Web Analytics] Failed to load script from https://va.vercel-scripts.com/v1/script.debug.js. Please check if any ad blockers are enabled and try again."
/ua/cookies,dark,desktop,log,"[HMR] connected"
/ua/privacy,dark,mobile,log,"[Vercel Web Analytics] Failed to load script from https://va.vercel-scripts.com/v1/script.debug.js. Please check if any ad blockers are enabled and try again."
/ua/cookies,dark,desktop,log,"[Vercel Web Analytics] Failed to load script from https://va.vercel-scripts.com/v1/script.debug.js. Please check if any ad blockers are enabled and try again."
/ua/cookies,dark,desktop,log,"[Fast Refresh] rebuilding"
/ua/cookies,dark,mobile,info,"%cDownload the React DevTools for a better development experience: https://react.dev/link/react-devtools font-weight:bold"
/ua/refund,light,desktop,info,"%cDownload the React DevTools for a better development experience: https://react.dev/link/react-devtools font-weight:bold"
/ua/refund,light,mobile,info,"%cDownload the React DevTools for a better development experience: https://react.dev/link/react-devtools font-weight:bold"
/ua/refund,light,mobile,log,"[HMR] connected"
/ua/refund,light,desktop,log,"[HMR] connected"
/ua/cookies,dark,mobile,log,"[HMR] connected"
/ua/refund,dark,desktop,info,"%cDownload the React DevTools for a better development experience: https://react.dev/link/react-devtools font-weight:bold"
/ua/refund,light,mobile,log,"[Vercel Web Analytics] Failed to load script from https://va.vercel-scripts.com/v1/script.debug.js. Please check if any ad blockers are enabled and try again."
/ua/refund,light,desktop,log,"[Vercel Web Analytics] Failed to load script from https://va.vercel-scripts.com/v1/script.debug.js. Please check if any ad blockers are enabled and try again."
/ua/refund,dark,desktop,log,"[HMR] connected"
/ua/cookies,dark,mobile,log,"[Vercel Web Analytics] Failed to load script from https://va.vercel-scripts.com/v1/script.debug.js. Please check if any ad blockers are enabled and try again."
/ua/refund,dark,desktop,log,"[Vercel Web Analytics] Failed to load script from https://va.vercel-scripts.com/v1/script.debug.js. Please check if any ad blockers are enabled and try again."
/ua/refund,dark,desktop,log,"[Fast Refresh] rebuilding"
/ua/terms,light,desktop,info,"%cDownload the React DevTools for a better development experience: https://react.dev/link/react-devtools font-weight:bold"
/ua/terms,light,mobile,info,"%cDownload the React DevTools for a better development experience: https://react.dev/link/react-devtools font-weight:bold"
/ua/refund,dark,mobile,info,"%cDownload the React DevTools for a better development experience: https://react.dev/link/react-devtools font-weight:bold"
/ua/terms,light,desktop,log,"[HMR] connected"
/ua/terms,light,mobile,log,"[HMR] connected"
/ua/refund,dark,mobile,log,"[HMR] connected"
/ua/terms,dark,desktop,info,"%cDownload the React DevTools for a better development experience: https://react.dev/link/react-devtools font-weight:bold"
/ua/terms,light,desktop,log,"[Vercel Web Analytics] Failed to load script from https://va.vercel-scripts.com/v1/script.debug.js. Please check if any ad blockers are enabled and try again."
/ua/terms,light,mobile,log,"[Vercel Web Analytics] Failed to load script from https://va.vercel-scripts.com/v1/script.debug.js. Please check if any ad blockers are enabled and try again."
/ua/terms,dark,desktop,log,"[HMR] connected"
/ua/refund,dark,mobile,log,"[Vercel Web Analytics] Failed to load script from https://va.vercel-scripts.com/v1/script.debug.js. Please check if any ad blockers are enabled and try again."
/ua/terms,light,mobile,log,"[Fast Refresh] rebuilding"
/ua/terms,light,desktop,log,"[Fast Refresh] rebuilding"
/ua/terms,light,desktop,log,"[Fast Refresh] done in 102ms"
/ua/terms,light,mobile,log,"[Fast Refresh] done in 102ms"
/ua/terms,dark,desktop,log,"[Vercel Web Analytics] Failed to load script from https://va.vercel-scripts.com/v1/script.debug.js. Please check if any ad blockers are enabled and try again."
/ua/terms,dark,desktop,log,"[Fast Refresh] rebuilding"
/ua/terms,dark,mobile,info,"%cDownload the React DevTools for a better development experience: https://react.dev/link/react-devtools font-weight:bold"
/ua/auto,light,desktop,info,"%cDownload the React DevTools for a better development experience: https://react.dev/link/react-devtools font-weight:bold"
/ua/auto,light,mobile,info,"%cDownload the React DevTools for a better development experience: https://react.dev/link/react-devtools font-weight:bold"
/ua/auto,dark,desktop,info,"%cDownload the React DevTools for a better development experience: https://react.dev/link/react-devtools font-weight:bold"
/ua/terms,dark,mobile,log,"[HMR] connected"
/ua/auto,light,desktop,log,"[HMR] connected"
/ua/auto,light,mobile,log,"[HMR] connected"
/ua/auto,dark,desktop,log,"[HMR] connected"
/ua/terms,dark,mobile,log,"[Vercel Web Analytics] Failed to load script from https://va.vercel-scripts.com/v1/script.debug.js. Please check if any ad blockers are enabled and try again."
/ua/auto,light,mobile,log,"[Vercel Web Analytics] Failed to load script from https://va.vercel-scripts.com/v1/script.debug.js. Please check if any ad blockers are enabled and try again."
/ua/auto,light,desktop,log,"[Vercel Web Analytics] Failed to load script from https://va.vercel-scripts.com/v1/script.debug.js. Please check if any ad blockers are enabled and try again."
/ua/auto,dark,desktop,log,"[Vercel Web Analytics] Failed to load script from https://va.vercel-scripts.com/v1/script.debug.js. Please check if any ad blockers are enabled and try again."
/ua/auto,light,mobile,warning,"Image with src ""/logos/akrapovic.png"" was detected as the Largest Contentful Paint (LCP). Please add the `loading=""eager""` property if this image is above the fold.
Read more: https://nextjs.org/docs/app/api-reference/components/image#loading"
/ua/auto,dark,desktop,log,"[Fast Refresh] rebuilding"
/ua/auto,light,desktop,log,"[Fast Refresh] rebuilding"
/ua/auto,light,mobile,log,"[Fast Refresh] rebuilding"
/ua/auto,light,desktop,log,"[Fast Refresh] done in 460ms"
/ua/auto,light,mobile,log,"[Fast Refresh] done in 460ms"
/ua/auto,dark,desktop,log,"[Fast Refresh] done in 460ms"
/ua/auto,dark,mobile,info,"%cDownload the React DevTools for a better development experience: https://react.dev/link/react-devtools font-weight:bold"
/ua/auto,dark,mobile,log,"[HMR] connected"
/ua/quote,light,mobile,error,"Failed to load resource: the server responded with a status of 404 (Not Found)"
/ua/quote,light,desktop,error,"Failed to load resource: the server responded with a status of 404 (Not Found)"
/ua/quote,dark,desktop,error,"Failed to load resource: the server responded with a status of 404 (Not Found)"
/ua/quote,light,desktop,info,"%cDownload the React DevTools for a better development experience: https://react.dev/link/react-devtools font-weight:bold"
/ua/quote,light,mobile,info,"%cDownload the React DevTools for a better development experience: https://react.dev/link/react-devtools font-weight:bold"
/ua/quote,dark,desktop,info,"%cDownload the React DevTools for a better development experience: https://react.dev/link/react-devtools font-weight:bold"
/ua/quote,light,desktop,log,"[HMR] connected"
/ua/quote,light,mobile,log,"[HMR] connected"
/ua/quote,dark,desktop,log,"[HMR] connected"
/ua/quote,light,mobile,log,"[Vercel Web Analytics] Failed to load script from https://va.vercel-scripts.com/v1/script.debug.js. Please check if any ad blockers are enabled and try again."
/ua/quote,light,desktop,log,"[Vercel Web Analytics] Failed to load script from https://va.vercel-scripts.com/v1/script.debug.js. Please check if any ad blockers are enabled and try again."
/ua/quote,dark,desktop,log,"[Vercel Web Analytics] Failed to load script from https://va.vercel-scripts.com/v1/script.debug.js. Please check if any ad blockers are enabled and try again."
/ua/auto,dark,mobile,log,"[Vercel Web Analytics] Failed to load script from https://va.vercel-scripts.com/v1/script.debug.js. Please check if any ad blockers are enabled and try again."
/ua/auto,dark,mobile,warning,"Image with src ""/logos/akrapovic.png"" was detected as the Largest Contentful Paint (LCP). Please add the `loading=""eager""` property if this image is above the fold.
Read more: https://nextjs.org/docs/app/api-reference/components/image#loading"
/ua/quote,light,desktop,log,"[Fast Refresh] rebuilding"
/ua/quote,dark,desktop,log,"[Fast Refresh] rebuilding"
/ua/quote,light,mobile,log,"[Fast Refresh] rebuilding"
/ua/quote,dark,desktop,log,"[Fast Refresh] done in 294ms"
/ua/quote,light,mobile,log,"[Fast Refresh] done in 294ms"
/ua/quote,light,desktop,log,"[Fast Refresh] done in 294ms"
/ua/quote,dark,mobile,error,"Failed to load resource: the server responded with a status of 404 (Not Found)"
/ua/quote,dark,mobile,info,"%cDownload the React DevTools for a better development experience: https://react.dev/link/react-devtools font-weight:bold"
/ua/quote,dark,mobile,log,"[HMR] connected"
/ua/quote,dark,mobile,log,"[Vercel Web Analytics] Failed to load script from https://va.vercel-scripts.com/v1/script.debug.js. Please check if any ad blockers are enabled and try again."
/ua/quote,dark,mobile,log,"[Fast Refresh] rebuilding"
/ua/quote,dark,mobile,log,"[Fast Refresh] done in 138ms"
/ua/shop,light,desktop,info,"%cDownload the React DevTools for a better development experience: https://react.dev/link/react-devtools font-weight:bold"
/ua/shop,light,mobile,info,"%cDownload the React DevTools for a better development experience: https://react.dev/link/react-devtools font-weight:bold"
/ua/shop,light,desktop,log,"[HMR] connected"
/ua/shop,light,mobile,log,"[HMR] connected"
/ua/shop,dark,desktop,info,"%cDownload the React DevTools for a better development experience: https://react.dev/link/react-devtools font-weight:bold"
/ua/shop,dark,desktop,log,"[HMR] connected"
/ua/shop,light,mobile,log,"[Vercel Web Analytics] Failed to load script from https://va.vercel-scripts.com/v1/script.debug.js. Please check if any ad blockers are enabled and try again."
/ua/shop,light,desktop,log,"[Vercel Web Analytics] Failed to load script from https://va.vercel-scripts.com/v1/script.debug.js. Please check if any ad blockers are enabled and try again."
/ua/shop,dark,desktop,log,"[Vercel Web Analytics] Failed to load script from https://va.vercel-scripts.com/v1/script.debug.js. Please check if any ad blockers are enabled and try again."
/ua/shop,dark,desktop,log,"[Fast Refresh] rebuilding"
/ua/shop,light,mobile,log,"[Fast Refresh] rebuilding"
/ua/shop,light,desktop,log,"[Fast Refresh] rebuilding"
/ua/shop,light,desktop,log,"[Fast Refresh] done in 109ms"
/ua/shop,light,mobile,log,"[Fast Refresh] done in 109ms"
/ua/shop,dark,desktop,log,"[Fast Refresh] done in 109ms"
/ua/shop,light,mobile,log,"[Fast Refresh] rebuilding"
/ua/shop,light,desktop,log,"[Fast Refresh] rebuilding"
/ua/shop,dark,desktop,log,"[Fast Refresh] rebuilding"
/ua/shop,light,desktop,log,"[Fast Refresh] done in 127ms"
/ua/shop,light,mobile,log,"[Fast Refresh] done in 125ms"
/ua/shop,dark,desktop,log,"[Fast Refresh] done in 209ms"
/ua/shop,dark,mobile,info,"%cDownload the React DevTools for a better development experience: https://react.dev/link/react-devtools font-weight:bold"
/ua/shop,dark,mobile,log,"[HMR] connected"
/ua/shop,dark,mobile,log,"[Fast Refresh] rebuilding"
/ua/shop,dark,mobile,log,"[Vercel Web Analytics] Failed to load script from https://va.vercel-scripts.com/v1/script.debug.js. Please check if any ad blockers are enabled and try again."
/ua/shop,dark,mobile,log,"[Fast Refresh] done in 600ms"
/en/shop,light,mobile,info,"%cDownload the React DevTools for a better development experience: https://react.dev/link/react-devtools font-weight:bold"
/en/shop,dark,desktop,info,"%cDownload the React DevTools for a better development experience: https://react.dev/link/react-devtools font-weight:bold"
/en/shop,light,mobile,log,"[HMR] connected"
/en/shop,light,desktop,info,"%cDownload the React DevTools for a better development experience: https://react.dev/link/react-devtools font-weight:bold"
/en/shop,dark,desktop,log,"[HMR] connected"
/en/shop,light,desktop,log,"[HMR] connected"
/en/shop,light,mobile,log,"[Vercel Web Analytics] Failed to load script from https://va.vercel-scripts.com/v1/script.debug.js. Please check if any ad blockers are enabled and try again."
/en/shop,dark,desktop,log,"[Vercel Web Analytics] Failed to load script from https://va.vercel-scripts.com/v1/script.debug.js. Please check if any ad blockers are enabled and try again."
/en/shop,light,desktop,log,"[Vercel Web Analytics] Failed to load script from https://va.vercel-scripts.com/v1/script.debug.js. Please check if any ad blockers are enabled and try again."
/en/shop,dark,desktop,log,"[Fast Refresh] rebuilding"
/en/shop,light,mobile,log,"[Fast Refresh] rebuilding"
/en/shop,light,desktop,log,"[Fast Refresh] rebuilding"
/en/shop,light,mobile,log,"[Fast Refresh] done in 149ms"
/en/shop,dark,desktop,log,"[Fast Refresh] done in 151ms"
/en/shop,light,desktop,log,"[Fast Refresh] done in 166ms"
/en/shop,dark,mobile,info,"%cDownload the React DevTools for a better development experience: https://react.dev/link/react-devtools font-weight:bold"
/en/shop,dark,mobile,log,"[HMR] connected"
/en/shop,dark,mobile,log,"[Vercel Web Analytics] Failed to load script from https://va.vercel-scripts.com/v1/script.debug.js. Please check if any ad blockers are enabled and try again."
/en/shop,dark,mobile,log,"[Fast Refresh] rebuilding"
/ua/shop/adro,dark,desktop,info,"%cDownload the React DevTools for a better development experience: https://react.dev/link/react-devtools font-weight:bold"
/ua/shop/brabus,dark,desktop,info,"%cDownload the React DevTools for a better development experience: https://react.dev/link/react-devtools font-weight:bold"
/ua/shop/akrapovic,dark,desktop,info,"%cDownload the React DevTools for a better development experience: https://react.dev/link/react-devtools font-weight:bold"
/ua/shop/burger,dark,desktop,info,"%cDownload the React DevTools for a better development experience: https://react.dev/link/react-devtools font-weight:bold"
/ua/shop/brabus,dark,desktop,log,"[HMR] connected"
/ua/shop/adro,dark,desktop,log,"[HMR] connected"
/ua/shop/akrapovic,dark,desktop,log,"[HMR] connected"
/ua/shop/burger,dark,desktop,log,"[HMR] connected"
/ua/shop/brabus,dark,desktop,log,"[Vercel Web Analytics] Failed to load script from https://va.vercel-scripts.com/v1/script.debug.js. Please check if any ad blockers are enabled and try again."
/ua/shop/adro,dark,desktop,log,"[Vercel Web Analytics] Failed to load script from https://va.vercel-scripts.com/v1/script.debug.js. Please check if any ad blockers are enabled and try again."
/ua/shop/burger,dark,desktop,warning,"Image with src ""/images/shop/burger/showcase-jb4.jpg"" has ""fill"" but is missing ""sizes"" prop. Please add it to improve page performance. Read more: https://nextjs.org/docs/api-reference/next/image#sizes"
/ua/shop/burger,dark,desktop,warning,"Image with src ""/images/shop/burger/showcase-flexfuel.jpg"" has ""fill"" but is missing ""sizes"" prop. Please add it to improve page performance. Read more: https://nextjs.org/docs/api-reference/next/image#sizes"
/ua/shop/burger,dark,desktop,log,"[Vercel Web Analytics] Failed to load script from https://va.vercel-scripts.com/v1/script.debug.js. Please check if any ad blockers are enabled and try again."
/ua/shop/burger,dark,desktop,warning,"Image with src ""/images/shop/burger/showcase-intake.jpg"" has ""fill"" but is missing ""sizes"" prop. Please add it to improve page performance. Read more: https://nextjs.org/docs/api-reference/next/image#sizes"
/ua/shop/burger,dark,desktop,log,"[Fast Refresh] rebuilding"
/ua/shop/adro,dark,desktop,log,"[Fast Refresh] rebuilding"
/ua/shop/akrapovic,dark,desktop,log,"[Fast Refresh] rebuilding"
/ua/shop/burger,dark,desktop,log,"[Fast Refresh] done in 110ms"
/ua/shop/akrapovic,dark,desktop,log,"[Fast Refresh] done in 108ms"
/ua/shop/adro,dark,desktop,log,"[Fast Refresh] done in 126ms"
/ua/shop/akrapovic,dark,desktop,log,"[Fast Refresh] rebuilding"
/ua/shop/akrapovic,dark,desktop,log,"[Fast Refresh] done in 167ms"
/ua/shop/akrapovic,dark,desktop,log,"[Vercel Web Analytics] Failed to load script from https://va.vercel-scripts.com/v1/script.debug.js. Please check if any ad blockers are enabled and try again."
/ua/shop/akrapovic,dark,desktop,log,"[Fast Refresh] rebuilding"
/ua/shop/csf,dark,desktop,info,"%cDownload the React DevTools for a better development experience: https://react.dev/link/react-devtools font-weight:bold"
/ua/shop/forged,dark,desktop,error,"Failed to load resource: the server responded with a status of 404 (Not Found)"
/ua/shop/forged,dark,desktop,info,"%cDownload the React DevTools for a better development experience: https://react.dev/link/react-devtools font-weight:bold"
/ua/shop/do88,dark,desktop,info,"%cDownload the React DevTools for a better development experience: https://react.dev/link/react-devtools font-weight:bold"
/ua/shop/csf,dark,desktop,log,"[HMR] connected"
/ua/shop/forged,dark,desktop,log,"[HMR] connected"
/ua/shop/do88,dark,desktop,error,"Failed to load resource: the server responded with a status of 404 (Not Found)"
/ua/shop/do88,dark,desktop,log,"[HMR] connected"
/ua/shop/girodisc,dark,desktop,info,"%cDownload the React DevTools for a better development experience: https://react.dev/link/react-devtools font-weight:bold"
/ua/shop/girodisc,dark,desktop,log,"[HMR] connected"
/ua/shop/forged,dark,desktop,log,"[Vercel Web Analytics] Failed to load script from https://va.vercel-scripts.com/v1/script.debug.js. Please check if any ad blockers are enabled and try again."
/ua/shop/forged,dark,desktop,log,"[Fast Refresh] rebuilding"
/ua/shop/do88,dark,desktop,log,"[Fast Refresh] rebuilding"
/ua/shop/do88,dark,desktop,log,"[Fast Refresh] done in 163ms"
/ua/shop/csf,dark,desktop,log,"[Vercel Web Analytics] Failed to load script from https://va.vercel-scripts.com/v1/script.debug.js. Please check if any ad blockers are enabled and try again."
/ua/shop/do88,dark,desktop,log,"[Vercel Web Analytics] Failed to load script from https://va.vercel-scripts.com/v1/script.debug.js. Please check if any ad blockers are enabled and try again."
/ua/shop/forged,dark,desktop,log,"[Fast Refresh] done in 188ms"
/ua/shop/forged,dark,desktop,error,"Failed to load resource: the server responded with a status of 404 (Not Found)"
/ua/shop/girodisc,dark,desktop,log,"[Vercel Web Analytics] Failed to load script from https://va.vercel-scripts.com/v1/script.debug.js. Please check if any ad blockers are enabled and try again."
/ua/shop/forged,dark,desktop,error,"Failed to load resource: the server responded with a status of 404 (Not Found)"
/ua/shop/forged,dark,desktop,error,"Failed to load resource: the server responded with a status of 404 (Not Found)"
/ua/shop/girodisc,dark,desktop,log,"[Fast Refresh] rebuilding"
/ua/shop/forged,dark,desktop,log,"[Fast Refresh] rebuilding"
/ua/shop/forged,dark,desktop,log,"[Fast Refresh] done in 152ms"
/ua/shop/girodisc,dark,desktop,log,"[Fast Refresh] done in 160ms"
/ua/shop/forged,dark,desktop,log,"[Fast Refresh] rebuilding"
/ua/shop/girodisc,dark,desktop,log,"[Fast Refresh] rebuilding"
/ua/shop/forged,dark,desktop,log,"[Fast Refresh] done in 134ms"
/ua/shop/do88,dark,desktop,log,"[Fast Refresh] rebuilding"
/ua/shop/girodisc,dark,desktop,log,"[Fast Refresh] done in 137ms"
/ua/shop/do88,dark,desktop,log,"[Fast Refresh] done in 140ms"
/ua/shop/do88,dark,desktop,warning,"Image with src ""/branding/do88/do88_featured_bmw_g8x_studio.webp"" was detected as the Largest Contentful Paint (LCP). Please add the `loading=""eager""` property if this image is above the fold.
Read more: https://nextjs.org/docs/app/api-reference/components/image#loading"
/ua/shop/do88,dark,desktop,log,"[Fast Refresh] rebuilding"
/ua/shop/csf,dark,desktop,log,"[Fast Refresh] rebuilding"
/ua/shop/girodisc,dark,desktop,log,"[Fast Refresh] rebuilding"
/ua/shop/do88,dark,desktop,log,"[Fast Refresh] done in 1179ms"
/ua/shop/girodisc,dark,desktop,log,"[Fast Refresh] done in 1169ms"
/ua/shop/csf,dark,desktop,log,"[Fast Refresh] done in 1179ms"
/ua/shop/ipe,dark,desktop,info,"%cDownload the React DevTools for a better development experience: https://react.dev/link/react-devtools font-weight:bold"
/ua/shop/ipe,dark,desktop,log,"[HMR] connected"
/ua/shop/ipe,dark,desktop,log,"[Vercel Web Analytics] Failed to load script from https://va.vercel-scripts.com/v1/script.debug.js. Please check if any ad blockers are enabled and try again."
/ua/shop/racechip,dark,desktop,warning,"Unrecognized feature: 'web-share'."
/ua/shop/racechip,dark,desktop,info,"%cDownload the React DevTools for a better development experience: https://react.dev/link/react-devtools font-weight:bold"
/ua/shop/urban,dark,desktop,info,"%cDownload the React DevTools for a better development experience: https://react.dev/link/react-devtools font-weight:bold"
/ua/shop/ohlins,dark,desktop,info,"%cDownload the React DevTools for a better development experience: https://react.dev/link/react-devtools font-weight:bold"
/ua/shop/racechip,dark,desktop,error,"Failed to load resource: the server responded with a status of 404 (Not Found)"
/ua/shop/urban,dark,desktop,log,"[HMR] connected"
/ua/shop/racechip,dark,desktop,log,"[HMR] connected"
/ua/shop/ohlins,dark,desktop,log,"[HMR] connected"
/ua/shop/urban,dark,desktop,log,"[Vercel Web Analytics] Failed to load script from https://va.vercel-scripts.com/v1/script.debug.js. Please check if any ad blockers are enabled and try again."
/ua/shop/ohlins,dark,desktop,log,"[Vercel Web Analytics] Failed to load script from https://va.vercel-scripts.com/v1/script.debug.js. Please check if any ad blockers are enabled and try again."
/ua/shop/racechip,dark,desktop,log,"[Vercel Web Analytics] Failed to load script from https://va.vercel-scripts.com/v1/script.debug.js. Please check if any ad blockers are enabled and try again."