file,line,pattern,snippet,severity
src/app/about/page.tsx,5,"bg-black","<div className=""min-h-screen bg-black text-white flex items-center justify-center px-6"">",high
src/app/api/admin/settings/app/route.ts,202,"#6366f1","updateData.appAccentColor = /^#[0-9a-fA-F]{3,8}$/.test(hex) ? hex : '#6366f1';",medium
src/app/categories/page.tsx,11,"bg-black","<div className=""relative bg-black min-h-screen text-white overflow-hidden"">",high
src/app/categories/page.tsx,42,"text-white","<h2 className=""text-2xl font-light mb-3 text-white/90 group-hover:text-white"">",high
src/app/categories/[slug]/page.tsx,105,"bg-black","<div className=""min-h-screen bg-black text-white flex items-center justify-center p-10"">",high
src/app/categories/[slug]/page.tsx,115,"bg-black","<div className=""min-h-screen bg-black flex items-center justify-center"">",high
src/app/categories/[slug]/page.tsx,124,"bg-black","<div className=""relative bg-black min-h-screen text-white overflow-hidden"">",high
src/app/categories/[slug]/page.tsx,154,"text-white","className=""w-full bg-linear-to-br from-white/8 to-white/3 text-white px-8 py-4 border border-white/10 focus:border-orange-500/30 focus:outline-hidden transition",high
src/app/categories/[slug]/page.tsx,174,"text-white","className=""absolute right-14 top-1/2 -translate-y-1/2 text-white/40 hover:text-white transition-colors""",high
src/app/categories/[slug]/page.tsx,197,"text-white","? ""bg-white/5 text-white/70 hover:bg-white/10 hover:text-white hover:scale-110 border border-white/10""",high
src/app/categories/[slug]/page.tsx,204,"text-white","<span className=""absolute -top-1 -right-1 w-4 h-4 bg-orange-500/80 text-white text-[9px] flex items-center justify-center rounded-full opacity-0 group-hover:opa",high
src/app/categories/[slug]/page.tsx,257,"text-white","<div className=""text-white/90 group-hover:text-white text-lg font-light mb-1"">",high
src/app/categories/[slug]/page.tsx,309,"text-white","className=""fixed bottom-8 right-8 z-50 w-12 h-12 bg-linear-to-br from-orange-500 to-rose-500 text-white rounded-full shadow-xl hover:shadow-orange-500/40 hover:",high
src/app/layout.tsx,25,"#000000","themeColor: ""#000000"",",high
src/app/quote/[token]/page.tsx,179,"#171717","<div className=""rounded-2xl border border-white/8 bg-[#171717] p-6 shadow-2xl"">",medium
src/app/quote/[token]/page.tsx,238,"text-white","className=""flex-1 rounded-full bg-linear-to-b from-emerald-500 to-emerald-700 px-6 py-3 text-sm font-bold uppercase tracking-wider text-white shadow-[inset_0_1p",high
src/app/[locale]/about/AboutPageContent.tsx,81,"rgba(255,255,255,0.1)","<div className=""pointer-events-none absolute inset-0 dark:bg-[radial-gradient(circle_at_top,rgba(255,255,255,0.1)_0%,transparent_55%)]"" />",medium
src/app/[locale]/about/AboutPageContent.tsx,82,"rgba(255,255,255,0.05)","<div className=""pointer-events-none absolute inset-y-0 right-[-200px] w-[480px] dark:bg-[radial-gradient(circle,rgba(255,255,255,0.05)_0%,transparent_70%)] blur",medium
src/app/[locale]/admin/shop/turn14-sync/page.tsx,64,"text-white","<div className=""p-8 max-w-5xl mx-auto space-y-8 text-white min-h-[80vh]"">",high
src/app/[locale]/admin/shop/turn14-sync/page.tsx,73,"text-white","className=""flex items-center gap-2 bg-emerald-600 hover:bg-emerald-500 disabled:bg-zinc-800 disabled:text-zinc-500 text-white px-6 py-2.5 rounded text-sm font-b",high
src/app/[locale]/admin/shop/turn14-sync/page.tsx,98,"#0a0a0c","<div key={brand.id} className=""bg-[#0a0a0c] border border-white/10 rounded-xl p-5 shadow-2xl relative overflow-hidden"">",medium
src/app/[locale]/admin/shop/turn14-sync/page.tsx,143,"#111","<div className=""space-y-2.5 bg-[#111] rounded-lg p-3 border border-white/5"">",medium
src/app/[locale]/admin/shop/turn14-sync/page.tsx,151,"#0a0a0c","<div className=""h-1.5 w-full bg-[#0a0a0c] rounded-full overflow-hidden border border-black inset-0 shadow-inner"">",medium
src/app/[locale]/admin/shop/turn14-sync/page.tsx,151,"border-black","<div className=""h-1.5 w-full bg-[#0a0a0c] rounded-full overflow-hidden border border-black inset-0 shadow-inner"">",high
src/app/[locale]/auto/AutoPageClient.tsx,280,"rgba(255,255,255,0.12)","<div className=""absolute inset-0 dark:bg-[radial-gradient(circle_at_top,rgba(255,255,255,0.12),transparent_55%)] dark:sm:bg-[radial-gradient(circle_at_top,rgba(",medium
src/app/[locale]/auto/AutoPageClient.tsx,1097,"rgba(255,255,255,0.1)","""radial-gradient(circle at top left, rgba(255,255,255,0.1), transparent 60%)"",",medium
src/app/[locale]/blog/page.tsx,110,"rgba(255,179,71,0.12)","<div className=""absolute -left-40 -top-20 h-[500px] w-[500px] rounded-full bg-[radial-gradient(circle,rgba(255,179,71,0.12),transparent_65%)] blur-[100px]"" />",medium
src/app/[locale]/blog/page.tsx,111,"rgba(92,188,255,0.10)","<div className=""absolute right-0 top-60 h-[400px] w-[400px] rounded-full bg-[radial-gradient(circle,rgba(92,188,255,0.10),transparent_60%)] blur-[100px]"" />",medium
src/app/[locale]/blog/[slug]/BlogCarousel.tsx,100,"text-white","className=""absolute left-3 top-1/2 -translate-y-1/2 flex h-10 w-10 items-center justify-center rounded-full border border-white/20 bg-black/50 text-white/80 bac",high
src/app/[locale]/blog/[slug]/BlogCarousel.tsx,107,"text-white","className=""absolute right-3 top-1/2 -translate-y-1/2 flex h-10 w-10 items-center justify-center rounded-full border border-white/20 bg-black/50 text-white/80 ba",high
src/app/[locale]/blog/[slug]/BlogCarousel.tsx,169,"fill-white","<Play className=""h-4 w-4 fill-white text-white"" />",high
src/app/[locale]/blog/[slug]/page.tsx,191,"rgba(255,179,71,0.06)","<div className=""absolute -left-40 top-0 h-[600px] w-[600px] rounded-full bg-[radial-gradient(circle,rgba(255,179,71,0.06),transparent_65%)] blur-[120px]"" />",medium
src/app/[locale]/blog/[slug]/page.tsx,192,"rgba(92,188,255,0.04)","<div className=""absolute right-0 top-60 h-[500px] w-[500px] rounded-full bg-[radial-gradient(circle,rgba(92,188,255,0.04),transparent_60%)] blur-[120px]"" />",medium
src/app/[locale]/brands/BrandsPageContent.tsx,123,"#0a0a0a","<div className=""dark grid grid-cols-2 sm:grid-cols-3 md:grid-cols-4 lg:grid-cols-5 xl:grid-cols-6 gap-4 sm:gap-6 rounded-3xl bg-[#0a0a0a] p-4 sm:p-6"">",medium
src/app/[locale]/brands/BrandsPageContent.tsx,132,"rgba(255,255,255,0.12)","<div className=""w-[80%] h-[80%] bg-[radial-gradient(circle,rgba(255,255,255,0.12)_0%,rgba(255,255,255,0.04)_40%,transparent_70%)] group-hover:bg-[radial-gradien",medium
src/app/[locale]/brands/BrandsPageContent.tsx,139,"rgba(255,255,255,0.15)","style={{ filter: ""drop-shadow(0 0 8px rgba(255,255,255,0.15))"" }}",medium
src/app/[locale]/brands/moto/page.tsx,65,"bg-white","<div className=""min-h-screen bg-white dark:bg-background"">",high
src/app/[locale]/brands/moto/page.tsx,111,"border-white","className=""text-base font-light pb-2 border-b-2 border-zinc-900 dark:border-white text-zinc-900 dark:text-foreground uppercase tracking-widest""",high
src/app/[locale]/categories/[slug]/CategoryPageClient.tsx,17,"bg-black","<div className=""bg-black text-white min-h-screen"">",high
src/app/[locale]/categories/[slug]/CategoryPageClient.tsx,47,"text-white","className=""inline-flex items-center justify-center rounded-full border border-white/30 px-8 py-3 text-sm uppercase tracking-wide text-white transition hover:bor",high
src/app/[locale]/choice/ChoicePageContent.tsx,257,"text-white","<div className=""relative z-10 text-center select-none text-white"">",high
src/app/[locale]/choice/ChoicePageContent.tsx,310,"text-white","<div className=""relative z-10 text-center select-none text-white"">",high
src/app/[locale]/choice/ChoicePageContent.tsx,372,"rgba(255,255,255,0.08)","background: `radial-gradient(300px 200px at ${x}px ${y}px, rgba(255,255,255,0.08), transparent 60%)`,",medium
src/app/[locale]/contact/ContactPageContent.tsx,155,"rgba(255,255,255,0.1)","<div className=""pointer-events-none absolute inset-x-0 top-0 h-48 bg-[radial-gradient(circle_at_top,rgba(255,255,255,0.1),transparent_60%)] sm:h-64"" />",medium
src/app/[locale]/error.tsx,35,"text-white","<h1 className=""text-3xl font-bold text-white mb-4"">",high
src/app/[locale]/error.tsx,46,"bg-white","className=""inline-flex items-center justify-center gap-2 px-6 py-3 bg-white hover:bg-zinc-200 text-black font-semibold rounded-xl transition-all duration-200 ho",high
src/app/[locale]/error.tsx,54,"text-white","className=""inline-flex items-center justify-center gap-2 px-6 py-3 bg-zinc-800 hover:bg-zinc-700 text-white font-medium rounded-xl border border-zinc-700 transi",high
src/app/[locale]/loading.tsx,13,"bg-white","<div className=""w-3 h-3 rounded-full bg-white animate-pulse"" />",high
src/app/[locale]/moto/MotoPageClient.tsx,114,"rgba(255,100,50,0.4)","glowColor: ""rgba(255,100,50,0.4)"",",medium
src/app/[locale]/moto/MotoPageClient.tsx,122,"rgba(16,185,129,0.3)","glowColor: ""rgba(16,185,129,0.3)"",",medium
src/app/[locale]/moto/MotoPageClient.tsx,130,"rgba(245,158,11,0.3)","glowColor: ""rgba(245,158,11,0.3)"",",medium
src/app/[locale]/moto/MotoPageClient.tsx,138,"rgba(220,38,38,0.35)","glowColor: ""rgba(220,38,38,0.35)"",",medium
src/app/[locale]/moto/MotoPageClient.tsx,146,"rgba(234,179,8,0.3)","glowColor: ""rgba(234,179,8,0.3)"",",medium
src/app/[locale]/moto/MotoPageClient.tsx,154,"rgba(37,99,235,0.3)","glowColor: ""rgba(37,99,235,0.3)"",",medium
src/app/[locale]/moto/MotoPageClient.tsx,162,"rgba(82,82,91,0.3)","glowColor: ""rgba(82,82,91,0.3)"",",medium
src/app/[locale]/moto/MotoPageClient.tsx,170,"rgba(249,115,22,0.3)","glowColor: ""rgba(249,115,22,0.3)"",",medium
src/app/[locale]/moto/MotoPageClient.tsx,178,"rgba(244,63,94,0.3)","glowColor: ""rgba(244,63,94,0.3)"",",medium
src/app/[locale]/moto/MotoPageClient.tsx,186,"rgba(220,38,38,0.3)","glowColor: ""rgba(220,38,38,0.3)"",",medium
src/app/[locale]/moto/MotoPageClient.tsx,401,"rgba(255,255,255,0.12)","<div className=""absolute inset-0 bg-[radial-gradient(circle_at_top,rgba(255,255,255,0.12),transparent_55%)] sm:bg-[radial-gradient(circle_at_top,rgba(255,255,25",medium
src/app/[locale]/moto/MotoPageClient.tsx,1173,"rgba(255,255,255,0.1)","""radial-gradient(circle at top left, rgba(255,255,255,0.1), transparent 60%)"",",medium
src/app/[locale]/page.tsx,227,"text-white","className={`inline-block font-display rounded-full border border-white/40 bg-black/40 backdrop-blur-md px-5 py-2 tracking-[0.3em] text-white shadow-[0_4px_16px_",high
src/app/[locale]/page.tsx,257,"text-white","<span className=""inline-flex h-10 w-10 shrink-0 items-center justify-center rounded-full border border-white/40 bg-black/40 backdrop-blur-md text-sm text-white ",high
src/app/[locale]/page.tsx,271,"text-white","<section id=""expert-programs"" className=""relative overflow-hidden py-20 text-white"">",high
src/app/[locale]/page.tsx,282,"text-white","className=""group rounded-2xl border border-white/10 bg-black/80 px-6 py-8 text-white shadow-lg hover:bg-black/70 hover:border-white/20 transition-colors duratio",high
src/app/[locale]/page.tsx,293,"text-white","className=""group rounded-2xl border border-white/10 bg-black/80 px-6 py-8 text-white shadow-lg hover:bg-black/70 hover:border-white/20 transition-colors duratio",high
src/app/[locale]/shop/account/addresses/ShopAddressesClient.tsx,163,"rgba(120,120,120,0.16)","<main className=""min-h-screen bg-background text-foreground dark:bg-[radial-gradient(circle_at_top,rgba(120,120,120,0.16),transparent_30%),linear-gradient(180de",medium
src/app/[locale]/shop/account/components/ShopAccountAuthClient.tsx,160,"rgba(120,120,120,0.16)","<main className=""min-h-screen bg-background text-foreground dark:bg-[radial-gradient(circle_at_top,rgba(120,120,120,0.16),transparent_30%),linear-gradient(180de",medium
src/app/[locale]/shop/account/components/ShopAccountClient.tsx,230,"rgba(120,120,120,0.16)","<main className=""min-h-screen bg-background text-foreground dark:bg-[radial-gradient(circle_at_top,rgba(120,120,120,0.16),transparent_30%),linear-gradient(180de",medium
src/app/[locale]/shop/account/components/ShopAccountClient.tsx,489,"rgba(255,255,255,0.05)","className=""overflow-hidden rounded-[26px] border border-foreground/10 bg-[linear-gradient(180deg,rgba(255,255,255,0.05),rgba(255,255,255,0.02))] p-4 shadow-[0_1",medium
src/app/[locale]/shop/account/components/ShopAccountClient.tsx,495,"rgba(201,168,106,0.35)","<div className=""mb-4 h-px w-full bg-[linear-gradient(90deg,rgba(201,168,106,0.35),rgba(255,255,255,0.08),transparent)]"" />",medium
src/app/[locale]/shop/account/components/ShopAccountClient.tsx,687,"#0a0a0a","className=""w-full max-w-lg rounded-[28px] border border-foreground/10 bg-[#0a0a0a] p-7 shadow-[0_24px_80px_rgba(0,0,0,0.65)]""",medium
src/app/[locale]/shop/account/forgot-password/ShopForgotPasswordClient.tsx,56,"rgba(120,120,120,0.16)","<main className=""min-h-screen bg-background text-foreground dark:bg-[radial-gradient(circle_at_top,rgba(120,120,120,0.16),transparent_30%),linear-gradient(180de",medium
src/app/[locale]/shop/account/orders/[id]/ShopOrderDetailClient.tsx,73,"rgba(120,120,120,0.16)","<main className=""min-h-screen bg-background text-foreground dark:bg-[radial-gradient(circle_at_top,rgba(120,120,120,0.16),transparent_30%),linear-gradient(180de",medium
src/app/[locale]/shop/account/setup-password/page.tsx,76,"rgba(194,157,89,0.14)","<div className=""min-h-screen bg-background dark:bg-black dark:bg-[radial-gradient(circle_at_top,rgba(194,157,89,0.14),transparent_55%)] px-6 py-24 text-foregrou",medium
src/app/[locale]/shop/account/setup-password/page.tsx,76,"bg-black","<div className=""min-h-screen bg-background dark:bg-black dark:bg-[radial-gradient(circle_at_top,rgba(194,157,89,0.14),transparent_55%)] px-6 py-24 text-foregrou",high
src/app/[locale]/shop/cart/ShopCartClient.tsx,139,"rgba(120,120,120,0.16)","className=""min-h-screen bg-background text-foreground dark:bg-[radial-gradient(circle_at_top,rgba(120,120,120,0.16),transparent_30%),linear-gradient(180deg,#070",medium
src/app/[locale]/shop/checkout/ShopCheckoutClient.tsx,298,"rgba(120,120,120,0.16)","className=""min-h-screen bg-background text-foreground dark:bg-[radial-gradient(circle_at_top,rgba(120,120,120,0.16),transparent_30%),linear-gradient(180deg,#070",medium
src/app/[locale]/shop/checkout/ShopCheckoutClient.tsx,613,"#c29d59","<span className=""text-[#c29d59] uppercase tracking-widest text-[11px] font-medium"">",medium
src/app/[locale]/shop/checkout/success/ShopOrderSuccessClient.tsx,116,"rgba(120,120,120,0.16)","className=""min-h-screen bg-background text-foreground dark:bg-[radial-gradient(circle_at_top,rgba(120,120,120,0.16),transparent_30%),linear-gradient(180deg,#070",medium
src/app/[locale]/shop/data/urbanCollectionPages.server.ts,194,"#000000","backgroundColor: stringSetting(section.settings, 'background_color', '#000000'),",high
src/app/[locale]/shop/data/urbanCollectionPages.server.ts,263,"#ffffff","accentColor: stringSetting(hero.settings, 'accent_color', '#ffffff'),",high
src/app/[locale]/shop/data/urbanCollectionPages.server.ts,284,"#000000","backgroundColor: stringSetting(overview.settings, 'background_color', '#000000'),",high
src/app/[locale]/shop/data/urbanCollectionPages.server.ts,285,"#1b1b1b","borderColor: stringSetting(overview.settings, 'border_color', '#1b1b1b'),",medium
src/app/[locale]/shop/data/urbanCollectionPages.server.ts,286,"#cfcfcf","copyColor: stringSetting(overview.settings, 'copy_color', '#cfcfcf'),",medium
src/app/[locale]/shop/data/urbanCollectionPages.server.ts,294,"#000000","backgroundColor: stringSetting(gallery.settings, 'background_color', '#000000'),",high
src/app/[locale]/shop/data/urbanCollectionPages.server.ts,295,"#1b1b1b","borderColor: stringSetting(gallery.settings, 'border_color', '#1b1b1b'),",medium
src/app/[locale]/shop/data/urbanCollectionPages.server.ts,303,"#1c1c1c","borderColor: stringSetting(banner.settings, 'border_color', '#1c1c1c'),",medium
src/app/[locale]/shop/data/urbanCollectionPages.server.ts,319,"#f5f5f3","backgroundColor: stringSetting(blueprint.settings, 'background_color', '#f5f5f3'),",medium
src/app/[locale]/shop/data/urbanCollectionPages.server.ts,320,"#ffffff","cardBackground: stringSetting(blueprint.settings, 'card_background', '#ffffff'),",high
src/app/[locale]/shop/data/urbanCollectionPages.server.ts,321,"#111111","textColor: stringSetting(blueprint.settings, 'text_color', '#111111'),",medium
src/app/[locale]/shop/data/urbanCollectionPages.server.ts,322,"#666666","mutedColor: stringSetting(blueprint.settings, 'muted_color', '#666666'),",medium
src/app/[locale]/shop/data/urbanCollectionPages.server.ts,323,"#e0e0e0","separatorColor: stringSetting(blueprint.settings, 'separator_color', '#e0e0e0'),",medium
src/app/[locale]/shop/ShopPageClient.tsx,245,"#0a0a0a","? ""shop-catalog shop-catalog--urban relative min-h-screen overflow-hidden bg-[#0a0a0a] text-[#f5f5f3]""",medium
src/app/[locale]/shop/ShopPageClient.tsx,246,"#f4f1eb",": ""relative min-h-screen overflow-hidden bg-[#f4f1eb] text-[#14120f]""",medium
src/app/[locale]/shop/ShopPageClient.tsx,251,"#d2ccc1","<div className=""absolute left-[-140px] top-[-160px] h-[460px] w-[460px] rounded-full bg-[#d2ccc1]/50 blur-3xl"" />",medium
src/app/[locale]/shop/ShopPageClient.tsx,252,"#d8c9b7","<div className=""absolute bottom-[-180px] right-[-120px] h-[430px] w-[430px] rounded-full bg-[#d8c9b7]/40 blur-3xl"" />",medium
src/app/[locale]/shop/ShopPageClient.tsx,265,"#171511","<h1 className=""mt-2 text-4xl font-light tracking-tight text-[#171511] sm:text-5xl"">",medium
src/app/[locale]/shop/ShopPageClient.tsx,294,"#141414","? ""rounded-2xl border border-white/10 bg-[#141414] p-4""",medium
src/app/[locale]/shop/ShopPageClient.tsx,312,"border-white","? ""border-white bg-white text-black""",high
src/app/[locale]/shop/ShopPageClient.tsx,362,"#171511","<h2 className=""mt-2 text-3xl font-light text-[#171511]"">",medium
src/app/[locale]/shop/ShopPageClient.tsx,427,"#161410","<p className=""text-sm font-medium text-[#161410]"">{brand.name}</p>",medium
src/app/[locale]/shop/ShopPageClient.tsx,441,"#171511","<h2 className=""mt-2 text-3xl font-light text-[#171511]"">",medium
src/app/[locale]/shop/ShopPageClient.tsx,490,"#171511","<p className=""text-sm font-medium text-[#171511]"">{category.label}</p>",medium
src/app/[locale]/shop/ShopPageClient.tsx,506,"#171511","<h2 className=""mt-2 text-3xl font-light text-[#171511]"">",medium
src/app/[locale]/shop/ShopPageClient.tsx,600,"text-white","<div className=""rounded-full border border-white/45 bg-black/20 px-3 py-1 text-[10px] uppercase tracking-[0.2em] text-white"">",high
src/app/[locale]/shop/ShopPageClient.tsx,641,"#171511","<p className=""mt-1 text-2xl font-light text-[#171511]"">",medium
src/app/[locale]/shop/ShopPageClient.tsx,672,"#161410","<h3 className=""text-lg font-light leading-snug text-[#161410]"">",medium
src/app/[locale]/shop/stock/page.tsx,172,"#111","? ""bg-[#111] border-foreground/30""",medium
src/app/[locale]/shop/stock/page.tsx,174,"#111","? ""bg-[#111] border-red-500/40 text-foreground""",medium
src/app/[locale]/shop/stock/page.tsx,208,"#0a0a0c","<div className=""absolute z-50 top-full left-0 right-0 mt-1 bg-[#0a0a0c] border border-foreground/10 max-h-64 overflow-y-auto shadow-2xl"">",medium
src/app/[locale]/shop/stock/page.tsx,466,"#050505","<div className=""min-h-screen bg-[#050505] text-foreground selection:bg-red-500/30"">",medium
src/app/[locale]/shop/stock/page.tsx,692,"#121216","<option value="""" className=""bg-[#121216]"">",medium
src/app/[locale]/shop/stock/page.tsx,696,"#121216","<option key={b} value={b} className=""bg-[#121216]"">",medium
src/app/[locale]/shop/stock/page.tsx,777,"#0a0a0c","<div key={i} className=""bg-[#0a0a0c] p-5 flex flex-col h-[300px]"">",medium
src/app/[locale]/shop/stock/page.tsx,989,"#0a0a0c","<Suspense fallback={<div className=""min-h-screen bg-[#0a0a0c]"" />}>",medium
src/app/[locale]/shop/turn14/page.tsx,51,"text-white","<h1 className=""text-3xl font-light tracking-tight text-white uppercase sm:text-5xl"">",high
src/app/[locale]/shop/turn14/page.tsx,70,"text-white","className=""w-full rounded-full border border-white/20 bg-white/5 px-5 py-3.5 pl-12 text-sm text-white placeholder:text-white/40 focus:border-indigo-500/50 focus",high
src/app/[locale]/shop/turn14/page.tsx,116,"text-white","<h3 className=""line-clamp-2 text-sm text-white/90 group-hover:text-white"">",high
src/app/[locale]/shop/turn14/page.tsx,160,"text-white","className=""flex aspect-3/2 items-center justify-center rounded-xl border border-white/10 bg-white/2 p-4 text-center text-sm font-medium text-white/70 transition",high
src/app/[locale]/shop/turn14/product/[id]/page.tsx,93,"text-white","className=""inline-flex items-center gap-2 text-sm text-white/50 hover:text-white transition-colors mb-8""",high
src/app/[locale]/shop/turn14/product/[id]/page.tsx,143,"text-white","<h1 className=""text-3xl sm:text-4xl font-light tracking-tight text-white mb-4"">",high
src/app/[locale]/shop/turn14/product/[id]/page.tsx,169,"text-white","<span className=""text-4xl font-medium tracking-tight text-white"">",high
src/app/[locale]/shop/turn14/product/[id]/page.tsx,193,"text-white","<h3 className=""text-white text-lg font-medium mb-4"">",high
src/app/[locale]/shop/turn14/product/[id]/Turn14AddToCartButton.tsx,55,"bg-white","className=""relative flex w-full items-center justify-center gap-3 overflow-hidden rounded-full bg-white px-8 py-4 text-center font-medium tracking-wide text-bla",high
src/app/[locale]/shop/turn14/product/[id]/Turn14AddToCartButton.tsx,71,"text-white","className={`absolute inset-0 flex items-center justify-center gap-2 bg-emerald-500 text-white transition-all duration-300 ${added ? ""translate-y-0 opacity-100"" ",high
src/app/[locale]/shop/[slug]/page.tsx,126,"#f1d8a5","className=""inline-flex w-fit items-center gap-2.5 rounded-full border-2 border-primary/50 bg-primary/12 px-6 py-3.5 text-[13px] font-semibold uppercase tracking",medium
src/components/effects/AnimatedBackground.tsx,51,"rgba(255, 255, 255, 0.05)","ctx.strokeStyle = 'rgba(255, 255, 255, 0.05)';",medium
src/components/effects/AnimatedBackground.tsx,79,"rgba(255, 255, 255, ${p.opacity})","ctx.fillStyle = `rgba(255, 255, 255, ${p.opacity})`;",medium
src/components/effects/AnimatedLogo.tsx,78,"rgba(255, 255, 255, 0.8)","textShadow: ""0 0 30px rgba(255, 255, 255, 0.8), 0 0 60px rgba(79, 195, 247, 0.6)"",",medium
src/components/effects/AnimatedLogo.tsx,93,"rgba(255, 107, 53, 0.6)","<LightStreak color=""rgba(255, 107, 53, 0.6)"" duration={2.5} delay={0} />",medium
src/components/effects/AnimatedLogo.tsx,94,"rgba(79, 195, 247, 0.6)","<LightStreak color=""rgba(79, 195, 247, 0.6)"" duration={3} delay={1.5} />",medium
src/components/effects/AnimatedLogo.tsx,95,"rgba(194, 79, 199, 0.6)","<LightStreak color=""rgba(194, 79, 199, 0.6)"" duration={2.8} delay={3} />",medium
src/components/effects/EnergyWave.tsx,17,"#ff6b35","start: '#ff6b35',  // Помаранчевий",medium
src/components/effects/EnergyWave.tsx,18,"#ffffff","middle: '#ffffff', // Білий",high
src/components/effects/EnergyWave.tsx,19,"#4fc3f7","end: '#4fc3f7'     // Синій",medium
src/components/effects/HeroLogo.tsx,36,"rgba(255, 255, 255, 0.3)","filter: 'drop-shadow(0 0 30px rgba(255, 255, 255, 0.3))',",medium
src/components/effects/HeroLogo.tsx,53,"#ff6b35","background: 'linear-gradient(90deg, #ff6b35 0%, #ffffff 30%, #4fc3f7 60%, #ffffff 100%)',",medium
src/components/effects/HeroLogo.tsx,73,"rgba(255, 107, 53, 0.15)","background: 'radial-gradient(ellipse at center, rgba(255, 107, 53, 0.15) 0%, rgba(79, 195, 247, 0.15) 50%, transparent 70%)',",medium
src/components/effects/LightBeams.tsx,32,"#ff6b35","{ angle: -45, color: '#ff6b35', width: 80, blur: 40 },  // Помаранчевий верх-ліво",medium
src/components/effects/LightBeams.tsx,33,"#4fc3f7","{ angle: 45, color: '#4fc3f7', width: 100, blur: 50 },  // Синій верх-право",medium
src/components/effects/LightBeams.tsx,34,"#4fc3f7","{ angle: -135, color: '#4fc3f7', width: 90, blur: 45 }, // Синій низ-ліво",medium
src/components/effects/LightBeams.tsx,35,"#b565d8","{ angle: 135, color: '#b565d8', width: 85, blur: 42 },  // Фіолетовий низ-право",medium
src/components/effects/LightBeams.tsx,52,"rgba(255, 255, 255, 0.8)","sphereGradient.addColorStop(0, 'rgba(255, 255, 255, 0.8)');",medium
src/components/effects/LightBeams.tsx,53,"rgba(200, 200, 200, 0.3)","sphereGradient.addColorStop(0.3, 'rgba(200, 200, 200, 0.3)');",medium
src/components/effects/LightBeams.tsx,54,"rgba(150, 150, 150, 0.1)","sphereGradient.addColorStop(0.6, 'rgba(150, 150, 150, 0.1)');",medium
src/components/effects/LightBeams.tsx,55,"rgba(100, 100, 100, 0)","sphereGradient.addColorStop(1, 'rgba(100, 100, 100, 0)');",medium
src/components/effects/LightBeams.tsx,80,"rgba(${r}, ${g}, ${b}, 0.9)","gradient.addColorStop(0, `rgba(${r}, ${g}, ${b}, 0.9)`);",medium
src/components/effects/LightBeams.tsx,81,"rgba(${r}, ${g}, ${b}, 0.7)","gradient.addColorStop(0.1, `rgba(${r}, ${g}, ${b}, 0.7)`);",medium
src/components/effects/LightBeams.tsx,82,"rgba(${r}, ${g}, ${b}, 0.4)","gradient.addColorStop(0.3, `rgba(${r}, ${g}, ${b}, 0.4)`);",medium
src/components/effects/LightBeams.tsx,83,"rgba(${r}, ${g}, ${b}, 0.15)","gradient.addColorStop(0.6, `rgba(${r}, ${g}, ${b}, 0.15)`);",medium
src/components/effects/LightBeams.tsx,84,"rgba(${r}, ${g}, ${b}, 0)","gradient.addColorStop(1, `rgba(${r}, ${g}, ${b}, 0)`);",medium
src/components/effects/LightBeams.tsx,132,"rgba(${r}, ${g}, ${b}, ${alpha})","ctx.fillStyle = `rgba(${r}, ${g}, ${b}, ${alpha})`;",medium
src/components/effects/LightBurst.tsx,15,"#ff6b35","colors = ['#ff6b35', '#4fc3f7', '#c24fc7']",medium
src/components/effects/LightRaysCanvas.tsx,15,"#ff6b35","colors = ['#ff6b35', '#4fc3f7', '#c24fc7'],",medium
src/components/effects/LightRaysCanvas.tsx,42,"rgba(0, 0, 0, 0.05)","ctx.fillStyle = 'rgba(0, 0, 0, 0.05)';",medium
src/components/effects/LightRaysCanvas.tsx,108,"rgba(255, 255, 255, 0.3)","centerGlow.addColorStop(0, 'rgba(255, 255, 255, 0.3)');",medium
src/components/effects/LightRaysCanvas.tsx,109,"rgba(255, 255, 255, 0.1)","centerGlow.addColorStop(0.5, 'rgba(255, 255, 255, 0.1)');",medium
src/components/effects/LightRaysCanvas.tsx,110,"rgba(255, 255, 255, 0)","centerGlow.addColorStop(1, 'rgba(255, 255, 255, 0)');",medium
src/components/effects/LightStreak.tsx,17,"rgba(255, 255, 255, 0.8)","color = 'rgba(255, 255, 255, 0.8)'",medium
src/components/effects/PageTransition.tsx,43,"bg-black","className=""fixed inset-0 z-9999 bg-black pointer-events-none""",high
src/components/eventuri/EventuriGallery.tsx,5,"bg-black","<section className=""relative py-24 px-6 bg-black"">",high
src/components/eventuri/EventuriGallery.tsx,7,"text-white","<h2 className=""text-5xl font-bold text-white mb-12"">",high
src/components/eventuri/EventuriProducts.tsx,42,"text-white","<h2 className=""text-5xl md:text-6xl font-bold text-white mb-6"">",high
src/components/eventuri/EventuriProducts.tsx,56,"text-white","<h3 className=""text-2xl font-bold text-white mb-2"">{product.name}</h3>",high
src/components/eventuri/EventuriProducts.tsx,57,"text-white","<span className=""inline-block px-3 py-1 bg-blue-500/90 text-white text-xs font-bold rounded-full mb-4"">",high
src/components/eventuri/EventuriTechnology.tsx,7,"text-white","<h2 className=""text-5xl font-bold text-white mb-12"">",high
src/components/eventuri/EventuriTechnology.tsx,19,"text-white","<h3 className=""text-2xl font-bold text-white mb-4"">Venturi Effect</h3>",high
src/components/eventuri/EventuriTechnology.tsx,24,"text-white","<h3 className=""text-2xl font-bold text-white mb-4"">CFD Testing</h3>",high
src/components/eventuri/EventuriTechnology.tsx,29,"text-white","<h3 className=""text-2xl font-bold text-white mb-4"">Carbon Fiber</h3>",high
src/components/fi/FiGallery.tsx,5,"bg-black","<section className=""relative py-24 px-6 bg-black"">",high
src/components/fi/FiGallery.tsx,7,"text-white","<h2 className=""text-5xl font-bold text-white mb-12"">",high
src/components/fi/FiProducts.tsx,42,"text-white","<h2 className=""text-5xl md:text-6xl font-bold text-white mb-6"">",high
src/components/fi/FiProducts.tsx,56,"text-white","<h3 className=""text-2xl font-bold text-white mb-2"">{product.name}</h3>",high
src/components/fi/FiProducts.tsx,57,"text-white","<span className=""inline-block px-3 py-1 bg-red-500/90 text-white text-xs font-bold rounded-full mb-4"">",high
src/components/fi/FiTechnology.tsx,7,"text-white","<h2 className=""text-5xl font-bold text-white mb-12"">",high
src/components/fi/FiTechnology.tsx,17,"text-white","<h3 className=""text-2xl font-bold text-white mb-4"">Valvetronic</h3>",high
src/components/fi/FiTechnology.tsx,22,"text-white","<h3 className=""text-2xl font-bold text-white mb-4"">Titanium Grade 2</h3>",high
src/components/fi/FiTechnology.tsx,27,"text-white","<h3 className=""text-2xl font-bold text-white mb-4"">Sound Engineering</h3>",high
src/components/home/MinimalistHero.tsx,48,"text-white","className=""hero-cta group inline-flex items-center justify-center gap-3 rounded-full border border-white/25 bg-white/8 px-10 py-4 text-sm font-light uppercase t",high
src/components/home/MinimalistHero.tsx,57,"text-white","className=""hero-cta group inline-flex items-center justify-center gap-3 rounded-full border border-white/25 bg-white/8 px-10 py-4 text-sm font-light uppercase t",high
src/components/HomeCarousel.tsx,50,"text-white","""absolute -left-4 top-1/2 -translate-y-1/2 z-20 flex h-12 w-12 items-center justify-center rounded-full border border-white/10 bg-black/50 text-white backdrop-b",high
src/components/HomeCarousel.tsx,62,"text-white","""absolute -right-4 top-1/2 -translate-y-1/2 z-20 flex h-12 w-12 items-center justify-center rounded-full border border-white/10 bg-black/50 text-white backdrop-",high
src/components/HomeCarousel.tsx,107,"text-white","<h3 className=""mt-4 text-2xl font-light text-white sm:text-3xl"">{item.title}</h3>",high
src/components/kw/KWGallery.tsx,55,"text-white","<h2 className=""text-5xl md:text-6xl font-bold text-white mb-6"">",high
src/components/kw/KWGallery.tsx,85,"text-white","<span className=""inline-block px-3 py-1 bg-amber-500/90 text-white text-xs font-bold rounded-full mb-3"">",high
src/components/kw/KWGallery.tsx,89,"text-white","<h3 className=""text-2xl font-bold text-white mb-2"">{item.title}</h3>",high
src/components/kw/KWGallery.tsx,146,"text-white","<h3 className=""text-3xl font-bold text-white mb-2"">{gallery[selectedImage].title}</h3>",high
src/components/kw/KWHero.tsx,107,"text-white","className=""group px-8 py-4 bg-linear-to-r from-amber-500 to-orange-600 hover:from-amber-400 hover:to-orange-500 text-white font-semibold rounded-lg transition-a",high
src/components/kw/KWHero.tsx,128,"text-white","className=""px-8 py-4 border-2 border-amber-400/50 hover:border-amber-400 text-white font-semibold rounded-lg transition-all duration-300 backdrop-blur-xs hover:",high
src/components/kw/KWProducts.tsx,97,"text-white","<h2 className=""text-5xl md:text-6xl font-bold text-white mb-6"">",high
src/components/kw/KWProducts.tsx,116,"text-white","? ""bg-linear-to-r from-amber-500 to-orange-600 text-white shadow-lg shadow-amber-500/30""",high
src/components/kw/KWProducts.tsx,141,"text-white","<span className=""px-3 py-1 bg-amber-500/90 text-white text-xs font-bold rounded-full"">",high
src/components/kw/KWProducts.tsx,149,"text-white","<h3 className=""text-2xl font-bold text-white mb-2"">{product.name}</h3>",high
src/components/kw/KWProducts.tsx,184,"text-white","<button className=""px-4 py-2 bg-linear-to-r from-amber-500 to-orange-600 hover:from-amber-400 hover:to-orange-500 text-white text-sm font-semibold rounded-lg tr",high
src/components/kw/KWProducts.tsx,196,"text-white","<button className=""px-8 py-4 bg-white/5 hover:bg-white/10 border-2 border-amber-400/50 hover:border-amber-400 text-white font-semibold rounded-lg transition-all",high
src/components/kw/KWTechnology.tsx,49,"text-white","<h2 className=""text-5xl md:text-6xl font-bold text-white mb-6"">",high
src/components/kw/KWTechnology.tsx,73,"text-white","<h3 className=""text-3xl font-bold text-white mb-2"">{tech.title}</h3>",high
src/components/kw/KWTechnology.tsx,107,"text-white","<h3 className=""text-2xl font-bold text-white mb-2"">",high
src/components/layout/CartIconLink.tsx,25,"border-white","className=""relative inline-flex h-9 w-9 items-center justify-center rounded-full border border-white/20 text-white/80 transition hover:border-white hover:text-w",high
src/components/layout/CartIconLink.tsx,30,"bg-white","<span className=""absolute -right-1 -top-1 flex h-4 min-w-4 items-center justify-center rounded-full bg-white px-1 text-[10px] font-medium text-black"">",high
src/components/layout/HeroVideoWrapper.tsx,119,"text-white","<div className=""fixed top-4 right-4 z-40 rounded-md bg-zinc-900/80 text-white px-3 py-1 text-xs"">",high
src/components/products/ProductCard.tsx,18,"bg-white","className={`group relative overflow-hidden bg-white dark:bg-zinc-900/30 border border-zinc-100 dark:border-white/5 transition-colors duration-300 ${className ||",high
src/components/products/ProductCard.tsx,33,"text-white","<span className=""text-xs uppercase tracking-widest font-light text-zinc-900 dark:text-white"">",high
src/components/products/ProductCard.tsx,42,"text-white","<h3 className=""text-lg font-light text-zinc-900 dark:text-white tracking-wide"">{name}</h3>",high
src/components/sections/BrandLogosGrid.tsx,101,"rgba(255,255,255,0.20)","<div className=""w-[80%] h-[60%] bg-[radial-gradient(circle,rgba(255,255,255,0.20)_0%,rgba(255,255,255,0.05)_50%,transparent_70%)] group-hover:bg-[radial-gradien",medium
src/components/sections/BrandLogosGrid.tsx,109,"bg-white","isLightBg ? ""bg-white rounded-md"" : """"",high
src/components/sections/BrandLogosGrid.tsx,177,"text-white","className=""text-xs font-medium text-white/40 hover:text-white transition-colors px-2 py-1 rounded-md""",high
src/components/sections/BrandsMarquee.tsx,115,"text-white","className=""inline-flex items-center gap-2 px-6 py-3 border border-white/20 rounded-full text-sm text-white/80 hover:text-white hover:border-white/40 transition-",high
src/components/sections/CategoriesGrid.tsx,50,"bg-black","<section ref={sectionRef} className=""relative py-32 px-6 bg-black overflow-hidden"">",high
src/components/sections/CategoriesGrid.tsx,52,"rgba(255,255,255,0.03)","<div className=""absolute inset-0 bg-[radial-gradient(ellipse_at_center,rgba(255,255,255,0.03),transparent_70%)]"" />",medium
src/components/sections/CategoriesGrid.tsx,82,"text-white","<h3 className=""text-2xl font-bold mb-2 text-white group-hover:text-white transition-colors"">",high
src/components/sections/CategoriesGrid.tsx,91,"text-white","<div className=""absolute bottom-6 right-6 w-8 h-8 flex items-center justify-center rounded-full border border-white/20 text-white/40 group-hover:border-white/60",high
src/components/sections/EventuriSection.tsx,62,"text-white","<h2 className=""text-5xl md:text-6xl lg:text-7xl font-light text-white mb-6 text-center"">",high
src/components/sections/EventuriSection.tsx,93,"text-white","<button className=""group w-fit px-8 py-4 bg-linear-to-r from-blue-500 to-amber-600 hover:from-blue-400 hover:to-amber-500 text-white font-medium tracking-wide r",high
src/components/sections/FiSection.tsx,62,"text-white","<h2 className=""text-5xl md:text-6xl lg:text-7xl font-light text-white mb-6 text-right"">",high
src/components/sections/FiSection.tsx,89,"text-white","<button className=""group w-fit px-8 py-4 bg-linear-to-r from-red-500 to-amber-600 hover:from-red-400 hover:to-amber-500 text-white font-medium tracking-wide rou",high
src/components/sections/HeroSection.tsx,47,"text-white","className=""text-6xl md:text-7xl lg:text-8xl font-light tracking-tight text-white mb-6""",high
src/components/sections/KWSection.tsx,62,"text-white","<h2 className=""text-5xl md:text-6xl lg:text-7xl font-light text-white mb-6"">",high
src/components/sections/KWSection.tsx,89,"text-white","<button className=""group w-fit px-8 py-4 bg-linear-to-r from-amber-500 to-amber-600 hover:from-amber-400 hover:to-amber-500 text-white font-medium tracking-wide",high
src/components/sections/LandingPage.tsx,118,"text-white","<h1 className=""fade-in text-4xl md:text-6xl lg:text-7xl text-white font-light tracking-tight mb-16 leading-tight"">",high
src/components/sections/LandingPage.tsx,126,"text-white","className=""group text-2xl md:text-4xl text-foreground/90 hover:text-white font-light tracking-wider uppercase transition-all duration-500""",high
src/components/sections/LandingPage.tsx,130,"bg-white","<span className=""absolute bottom-0 left-0 w-0 h-px bg-white group-hover:w-full transition-all duration-500"" />",high
src/components/sections/LandingPage.tsx,140,"text-white","className=""group text-2xl md:text-4xl text-foreground/90 hover:text-white font-light tracking-wider uppercase transition-all duration-500""",high
src/components/sections/LandingPage.tsx,144,"bg-white","<span className=""absolute bottom-0 left-0 w-0 h-px bg-white group-hover:w-full transition-all duration-500"" />",high
src/components/sections/LandingPage.tsx,174,"bg-white","<section className=""bg-white dark:bg-zinc-950 py-32 px-6"">",high
src/components/sections/LandingPage.tsx,178,"text-white","<h2 className=""text-4xl md:text-6xl font-extralight text-zinc-900 dark:text-white mb-12 tracking-tight leading-tight"">",high
src/components/sections/LandingPage.tsx,210,"bg-black","<section className=""bg-zinc-50 dark:bg-black py-32 px-6"">",high
src/components/sections/LandingPage.tsx,214,"text-white","<h2 className=""text-4xl md:text-6xl font-extralight text-zinc-900 dark:text-white mb-8 tracking-tight"">",high
src/components/sections/LandingPage.tsx,224,"bg-white","<AnimatedCard className=""bg-white dark:bg-zinc-900/30 p-12 hover:shadow-2xl dark:hover:bg-zinc-900/50 transition-all duration-500 h-full"">",high
src/components/sections/LandingPage.tsx,227,"text-white","<span className=""text-3xl font-extralight text-zinc-900 dark:text-white"">",high
src/components/sections/LandingPage.tsx,232,"text-white","<h3 className=""text-2xl font-light text-zinc-900 dark:text-white mb-6 tracking-wide"">",high
src/components/sections/LandingPage.tsx,244,"bg-white","<AnimatedCard className=""bg-white dark:bg-zinc-900/30 p-12 hover:shadow-2xl dark:hover:bg-zinc-900/50 transition-all duration-500 h-full"">",high
src/components/sections/LandingPage.tsx,247,"text-white","<span className=""text-3xl font-extralight text-zinc-900 dark:text-white"">",high
src/components/sections/LandingPage.tsx,252,"text-white","<h3 className=""text-2xl font-light text-zinc-900 dark:text-white mb-6 tracking-wide"">",high
src/components/sections/LandingPage.tsx,264,"bg-white","<AnimatedCard className=""bg-white dark:bg-zinc-900/30 p-12 hover:shadow-2xl dark:hover:bg-zinc-900/50 transition-all duration-500 h-full"">",high
src/components/sections/LandingPage.tsx,267,"text-white","<span className=""text-3xl font-extralight text-zinc-900 dark:text-white"">",high
src/components/sections/LandingPage.tsx,272,"text-white","<h3 className=""text-2xl font-light text-zinc-900 dark:text-white mb-6 tracking-wide"">",high
src/components/sections/LandingPage.tsx,286,"bg-white","<section className=""bg-white dark:bg-black py-32 px-6"">",high
src/components/sections/LandingPage.tsx,290,"text-white","<h2 className=""text-4xl md:text-6xl font-extralight text-zinc-900 dark:text-white mb-8 tracking-tight"">",high
src/components/sections/LandingPage.tsx,338,"text-white","<h2 className=""text-4xl md:text-6xl font-extralight text-zinc-900 dark:text-white mb-8 tracking-tight"">",high
src/components/sections/LandingPage.tsx,357,"bg-white","className=""bg-white dark:bg-zinc-900/30 p-10 hover:shadow-xl dark:hover:bg-zinc-900/50 transition-all duration-500 group""",high
src/components/sections/LandingPage.tsx,359,"text-white","<h3 className=""text-xl font-light text-zinc-900 dark:text-white mb-4 tracking-wide group-hover:text-zinc-700 dark:hover:text-foreground/90 transition-colors"">",high
src/components/sections/LandingPage.tsx,372,"bg-white","<section className=""bg-white dark:bg-black py-40 px-6"">",high
src/components/sections/LandingPage.tsx,374,"text-white","<h2 className=""text-4xl md:text-6xl font-extralight text-zinc-900 dark:text-white mb-12 tracking-tight leading-tight"">",high
src/components/sections/SplitHero.tsx,34,"bg-black","<section className=""relative w-full min-h-[70vh] lg:min-h-[82vh] grid grid-cols-1 lg:grid-cols-2 divide-y lg:divide-y-0 lg:divide-x divide-white/10 bg-black"">",high
src/components/sections/SplitHero.tsx,56,"rgba(255,255,255,0.08)","""radial-gradient(1200px 400px at 50% 0%, rgba(255,255,255,0.08), transparent 60%)"",",medium
src/components/sections/SplitHero.tsx,65,"text-white","<h2 className=""text-5xl md:text-6xl font-light text-white"">{panel.title}</h2>",high
src/components/sections/SplitHero.tsx,68,"text-white","<div className=""mt-8 inline-flex items-center gap-2 text-white/70 group-hover:text-white transition-colors"">",high
src/components/shared/Footer.tsx,102,"bg-black","<footer className=""relative z-20 font-display border-t border-foreground/10 bg-muted text-foreground dark:bg-black dark:text-white overflow-hidden"">",high
src/components/shared/Header.tsx,41,"text-white","className=""text-xl font-light text-zinc-900 dark:text-white tracking-wider hover:opacity-70 transition-opacity""",high
src/components/shared/Header.tsx,58,"text-white","className=""text-zinc-600 dark:text-white/70 hover:text-zinc-900 dark:hover:text-white transition-colors text-sm font-light uppercase tracking-wider""",high
src/components/shared/Header.tsx,73,"bg-black","? ""bg-black text-white dark:bg-white dark:text-black""",high
src/components/shared/Header.tsx,74,"text-white",": ""text-zinc-500 dark:text-white/60 hover:text-zinc-900 dark:hover:text-white cursor-pointer""",high
src/components/shared/Header.tsx,83,"bg-black","? ""bg-black text-white dark:bg-white dark:text-black""",high
src/components/shared/Header.tsx,84,"text-white",": ""text-zinc-500 dark:text-white/60 hover:text-zinc-900 dark:hover:text-white cursor-pointer""",high
src/components/shared/Header.tsx,97,"border-white","className=""border border-zinc-400 dark:border-white/30 hover:border-zinc-900 dark:hover:border-white hover:bg-zinc-900 dark:hover:bg-white hover:text-white dark",high
src/components/shared/Header.tsx,106,"text-white","className=""lg:hidden text-zinc-900 dark:text-white""",high
src/components/shared/Header.tsx,141,"text-white","className=""text-zinc-600 dark:text-white/70 hover:text-zinc-900 dark:hover:text-white transition-colors text-sm font-light uppercase tracking-wider""",high
src/components/shared/Header.tsx,159,"bg-black","? ""bg-black text-white dark:bg-white dark:text-black""",high
src/components/shared/Header.tsx,174,"bg-black","? ""bg-black text-white dark:bg-white dark:text-black""",high
src/components/shared/Navigation.tsx,64,"text-white","<span className=""text-white"">company</span>",high
src/components/shared/Navigation.tsx,81,"text-white","? `bg-linear-to-r ${brand.color} text-white shadow-lg`",high
src/components/shared/Navigation.tsx,82,"text-white",": ""text-white/70 hover:text-white hover:bg-white/5""",high
src/components/shared/Navigation.tsx,93,"text-white","className=""text-white/70 hover:text-white px-4 py-2 rounded-lg hover:bg-white/5 transition-all""",high
src/components/shared/Navigation.tsx,102,"text-white","className=""md:hidden p-2 text-white/70 hover:text-white""",high
src/components/shared/Navigation.tsx,134,"text-white","? `bg-linear-to-r ${brand.color} text-white`",high
src/components/shop/AddToCartButton.tsx,92,"bg-white","className={`rounded-full border border-white/25 bg-white px-5 py-2 text-xs uppercase tracking-[0.2em] text-black transition hover:border-white hover:bg-white/90",high
src/components/shop/ShopB2BPricingBand.tsx,62,"text-white","<p className=""text-2xl font-light text-white"">",high
src/components/telegram/TelegramUserGreeting.tsx,53,"#05060a","webApp.setBackgroundColor?.(""#05060a"");",medium
src/components/telegram/TelegramUserGreeting.tsx,54,"#05060a","webApp.setHeaderColor?.(""#05060a"");",medium
src/components/ui/AppleCardsCarousel.tsx,152,"text-white","<span className=""text-6xl font-light tracking-wider text-white"">",high
src/components/ui/AppleCardsCarousel.tsx,173,"text-white","<h3 className=""text-4xl font-light tracking-tight text-white"">{brand.name}</h3>",high
src/components/ui/AppleCardsCarousel.tsx,182,"text-white","className=""w-full py-4 bg-linear-to-r from-orange-500 to-rose-500 hover:from-orange-600 hover:to-rose-600 text-white text-sm tracking-[0.15em] uppercase font-me",high
src/components/ui/BrandCard.tsx,51,"text-white","<h3 className=""text-2xl font-thin text-white mb-2 transition-all duration-300 group-hover:text-cyan-400"">",high
src/components/ui/BrandModal.tsx,68,"#1a1a1a","isLightBg ? ""bg-white"" : ""bg-linear-to-br from-[#1a1a1a] via-[#151515] to-[#0a0a0a]""",medium
src/components/ui/BrandModal.tsx,68,"bg-white","isLightBg ? ""bg-white"" : ""bg-linear-to-br from-[#1a1a1a] via-[#151515] to-[#0a0a0a]""",high
src/components/ui/BrandModal.tsx,77,"rgba(255,255,255,0.15)","""radial-gradient(circle at 1px 1px, rgba(255,255,255,0.15) 1px, transparent 0)"",",medium
src/components/ui/BrandsGrid.tsx,43,"text-white","<h3 className=""text-5xl md:text-6xl font-extralight text-white mb-3 tracking-tight"">",high
src/components/ui/BrandsGrid.tsx,67,"text-white","<h4 className=""text-2xl font-light text-white mb-2 tracking-wide"">{b.name}</h4>",high
src/components/ui/button.tsx,13,"text-white","""bg-obsidian border border-obsidian-border text-white hover:border-bronze hover:text-bronze shadow-lg shadow-black/50"",",high
src/components/ui/button.tsx,14,"text-white","destructive: ""bg-red-900 border border-red-500/50 text-white hover:bg-red-900/90 shadow-lg"",",high
src/components/ui/button.tsx,18,"text-white","""bg-white/10 backdrop-blur-md text-white hover:bg-white/20 border border-white/5"",",high
src/components/ui/card.tsx,9,"text-white","className={cn(""rounded-xl border border-obsidian-border bg-white/5 backdrop-blur-xl text-white shadow-xl shadow-black/50 overflow-hidden relative"", className)}",high
src/components/ui/CategoryCard.tsx,28,"text-white","<h3 className=""text-2xl font-bold text-white tracking-tight"">{title}</h3>",high
src/components/ui/contact-form/styles.module.scss,7,"rgba(0, 0, 0, 0.7)","background-color: rgba(0, 0, 0, 0.7);",medium
src/components/ui/contact-form/styles.module.scss,15,"#1a1a1a","background-color: #1a1a1a;",medium
src/components/ui/contact-form/styles.module.scss,21,"rgba(0, 0, 0, 0.3)","box-shadow: 0 5px 15px rgba(0, 0, 0, 0.3);",medium
src/components/ui/contact-form/styles.module.scss,22,"#fff","color: #fff;",high
src/components/ui/contact-form/styles.module.scss,32,"#fff","color: #fff;",high
src/components/ui/contact-form/styles.module.scss,63,"#444","border: 1px solid #444;",medium
src/components/ui/contact-form/styles.module.scss,64,"#333","background-color: #333;",medium
src/components/ui/contact-form/styles.module.scss,65,"#fff","color: #fff;",high
src/components/ui/contact-form/styles.module.scss,70,"#ff4d4d","color: #ff4d4d;",medium
src/components/ui/contact-form/styles.module.scss,78,"#007bff","background-color: #007bff;",medium
src/components/ui/contact-form/styles.module.scss,79,"#fff","color: #fff;",high
src/components/ui/contact-form/styles.module.scss,89,"#0056b3","background-color: #0056b3;",medium
src/components/ui/FeaturedProduct.tsx,58,"text-white","className={`px-4 py-1.5 rounded-full bg-linear-to-r ${storeColors[store]} text-white text-xs font-thin uppercase tracking-wider`}",high
src/components/ui/FeaturedProduct.tsx,72,"text-white","<h3 className=""text-2xl font-thin text-white mb-2 line-clamp-2 transition-all duration-300 group-hover:text-cyan-400"">",high
src/components/ui/FeaturedProduct.tsx,79,"text-white","<span className=""text-3xl font-thin text-white"">{price}</span>",high
src/components/ui/FeaturedProduct.tsx,82,"text-white","className={`flex items-center gap-2 text-white/60 group-hover:text-white transition-all duration-300 ${isHovered ? ""translate-x-0"" : ""translate-x-2""}`}",high
src/components/ui/Footer.tsx,11,"bg-black","<footer className=""bg-black border-t border-white/10 text-white font-display"">",high
src/components/ui/Footer.tsx,30,"text-white","className=""text-white/60 hover:text-white transition-colors""",high
src/components/ui/Footer.tsx,40,"text-white","className=""text-white/60 hover:text-white transition-colors""",high
src/components/ui/Footer.tsx,56,"text-white","<Link href=""/"" className=""text-sm text-white/60 hover:text-white transition-colors font-light"">",high
src/components/ui/Footer.tsx,61,"text-white","<Link href=""/auto"" className=""text-sm text-white/60 hover:text-white transition-colors font-light"">",high
src/components/ui/Footer.tsx,66,"text-white","<Link href=""/moto"" className=""text-sm text-white/60 hover:text-white transition-colors font-light"">",high
src/components/ui/Footer.tsx,71,"text-white","<Link href=""/about"" className=""text-sm text-white/60 hover:text-white transition-colors font-light"">",high
src/components/ui/Footer.tsx,86,"text-white","<a href=""tel:+380660771700"" className=""block hover:text-white transition-colors"">",high
src/components/ui/Footer.tsx,89,"text-white","<Link href=""/contact"" className=""block hover:text-white transition-colors"">",high
src/components/ui/Footer.tsx,103,"text-white","<a href=""tel:+380660771700"" className=""block hover:text-white transition-colors"">",high
src/components/ui/Footer.tsx,106,"text-white","<Link href=""/contact"" className=""block hover:text-white transition-colors"">",high
src/components/ui/Footer.tsx,123,"text-white","<Link href=""/delivery"" className=""hover:text-white transition-colors shrink-0"">",high
src/components/ui/Footer.tsx,126,"text-white","<Link href=""/refund"" className=""hover:text-white transition-colors shrink-0"">",high
src/components/ui/Footer.tsx,129,"text-white","<Link href=""/privacy"" className=""hover:text-white transition-colors shrink-0"">",high
src/components/ui/Footer.tsx,132,"text-white","<Link href=""/terms"" className=""hover:text-white transition-colors shrink-0"">",high
src/components/ui/Footer.tsx,135,"text-white","<Link href=""/cookies"" className=""hover:text-white transition-colors shrink-0"">",high
src/components/ui/HeroSection.tsx,44,"rgba(0,0,0,0.4)","<div className=""absolute inset-0 bg-[radial-gradient(ellipse_at_center,transparent_0%,rgba(0,0,0,0.4)_100%)]"" />",medium
src/components/ui/HeroSection.tsx,60,"rgba(255, 255, 255, 0.03)","background: ""rgba(255, 255, 255, 0.03)"",",medium
src/components/ui/HeroSection.tsx,63,"rgba(255,255,255,0.1)","inset 0 1px 0 0 rgba(255,255,255,0.1),",medium
src/components/ui/HeroSection.tsx,64,"rgba(0,0,0,0.4)","0 8px 32px rgba(0,0,0,0.4),",medium
src/components/ui/HeroSection.tsx,65,"rgba(255,255,255,0.05)","0 0 0 1px rgba(255,255,255,0.05)",medium
src/components/ui/HeroSection.tsx,104,"rgba(255,136,0,0.3)","filter: ""drop-shadow(0 0 60px rgba(255,136,0,0.3))"",",medium
src/components/ui/HeroSection.tsx,105,"rgba(255,255,255,0.1)","WebkitTextStroke: ""1px rgba(255,255,255,0.1)"",",medium
src/components/ui/HeroSection.tsx,121,"rgba(0,0,0,0.5)","textShadow: ""0 2px 20px rgba(0,0,0,0.5)"",",medium
src/components/ui/HeroSection.tsx,141,"rgba(255, 255, 255, 0.08)","background: ""rgba(255, 255, 255, 0.08)"",",medium
src/components/ui/HeroSection.tsx,144,"rgba(255,255,255,0.15)","inset 0 1px 0 0 rgba(255,255,255,0.15),",medium
src/components/ui/HeroSection.tsx,145,"rgba(0,0,0,0.3)","0 4px 24px rgba(0,0,0,0.3),",medium
src/components/ui/HeroSection.tsx,146,"rgba(255,255,255,0.08)","0 0 0 1px rgba(255,255,255,0.08)",medium
src/components/ui/HeroSection.tsx,180,"rgba(255, 255, 255, 0.05)","background: ""rgba(255, 255, 255, 0.05)"",",medium
src/components/ui/HeroSection.tsx,183,"rgba(255,255,255,0.1)","""inset 0 1px 0 0 rgba(255,255,255,0.1), 0 0 0 1px rgba(255,255,255,0.08)"",",medium
src/components/ui/Loader.tsx,17,"rgba(255,255,255,0.1)","stroke=""rgba(255,255,255,0.1)""",medium
src/components/ui/Loader.tsx,35,"#ff8800","<stop offset=""0%"" stopColor=""#ff8800"" />",medium
src/components/ui/Loader.tsx,36,"#ff4444","<stop offset=""50%"" stopColor=""#ff4444"" />",medium
src/components/ui/Loader.tsx,37,"#00aaff","<stop offset=""100%"" stopColor=""#00aaff"" />",medium
src/components/ui/Loader.tsx,42,"text-white","<span className=""text-2xl font-bold text-white"">",high
src/components/ui/Loader.tsx,47,"text-white","<p className=""text-white text-lg font-light tracking-wider"">",high
src/components/ui/LocalizedNavigation.tsx,42,"rgba(0, 0, 0, 0.4)","background: isScrolled ? ""rgba(0, 0, 0, 0.4)"" : ""rgba(0, 0, 0, 0.1)"",",medium
src/components/ui/LocalizedNavigation.tsx,45,"rgba(255,255,255,0.08)","? ""inset 0 -1px 0 0 rgba(255,255,255,0.08), 0 4px 24px rgba(0,0,0,0.3)""",medium
src/components/ui/LocalizedNavigation.tsx,46,"rgba(255,255,255,0.04)",": ""inset 0 -1px 0 0 rgba(255,255,255,0.04)"",",medium
src/components/ui/LocalizedNavigation.tsx,54,"text-white","<button className=""px-5 py-2.5 text-white/80 hover:text-white font-light transition-all duration-500 flex items-center gap-2.5 rounded-full hover:bg-white/5"">",high
src/components/ui/LocalizedNavigation.tsx,73,"rgba(0, 0, 0, 0.6)","background: ""rgba(0, 0, 0, 0.6)"",",medium
src/components/ui/LocalizedNavigation.tsx,76,"rgba(255,255,255,0.1)","""inset 0 1px 0 0 rgba(255,255,255,0.1), 0 12px 48px rgba(0,0,0,0.6), 0 0 0 1px rgba(255,255,255,0.08)"",",medium
src/components/ui/LocalizedNavigation.tsx,85,"text-white","className=""block px-7 py-5 text-white/80 hover:text-white transition-all""",high
src/components/ui/LocalizedNavigation.tsx,99,"text-white","(locale === ""ua"" ? ""text-white bg-white/10"" : ""text-white/60 hover:text-white/80"")",high
src/components/ui/LocalizedNavigation.tsx,108,"text-white","(locale === ""en"" ? ""text-white bg-white/10"" : ""text-white/60 hover:text-white/80"")",high
src/components/ui/LocalizedNavigation.tsx,120,"text-white","? ""text-white bg-white/5""",high
src/components/ui/LocalizedNavigation.tsx,121,"text-white",": ""text-white/80 hover:text-white hover:bg-white/5"")",high
src/components/ui/LocalizedNavigation.tsx,131,"text-white","? ""text-white bg-white/5""",high
src/components/ui/LocalizedNavigation.tsx,132,"text-white",": ""text-white/80 hover:text-white hover:bg-white/5"")",high
src/components/ui/LocalizedNavigation.tsx,142,"text-white","? ""text-white bg-white/5""",high
src/components/ui/LocalizedNavigation.tsx,143,"text-white",": ""text-white/80 hover:text-white hover:bg-white/5"")",high
src/components/ui/LocalizedNavigation.tsx,151,"text-white","className=""md:hidden relative w-10 h-10 text-white""",high
src/components/ui/LocalizedNavigation.tsx,158,"bg-white","""block w-6 h-0.5 bg-white transition-all duration-300 "" +",high
src/components/ui/LocalizedNavigation.tsx,164,"bg-white","""block w-6 h-0.5 bg-white transition-all duration-300 "" +",high
src/components/ui/LocalizedNavigation.tsx,170,"bg-white","""block w-6 h-0.5 bg-white transition-all duration-300 "" +",high
src/components/ui/LocalizedNavigation.tsx,193,"text-white","(locale === ""ua"" ? ""text-white bg-white/10"" : ""text-white/60 hover:text-white/80"")",high
src/components/ui/LocalizedNavigation.tsx,205,"text-white","(locale === ""en"" ? ""text-white bg-white/10"" : ""text-white/60 hover:text-white/80"")",high
src/components/ui/LocalizedNavigation.tsx,213,"text-white","className=""px-4 py-2 text-white/60 hover:text-white font-light transition-colors""",high
src/components/ui/LocalizedNavigation.tsx,220,"text-white","className=""px-4 py-2 text-white/60 hover:text-white font-light transition-colors""",high
src/components/ui/LocalizedNavigation.tsx,227,"text-white","className=""px-4 py-2 text-white/60 hover:text-white font-light transition-colors""",high
src/components/ui/MagicBrandCard.tsx,143,"rgba(255,255,255,0.15)","<div className=""absolute inset-0 bg-[radial-gradient(circle,rgba(255,255,255,0.15)_0%,transparent_70%)]"" />",medium
src/components/ui/MagicBrandCard.tsx,195,"text-white","<h3 className=""text-3xl font-light tracking-tight text-white/95 group-hover:text-white mb-2 transition-colors duration-500"">",high
src/components/ui/MagicBrandCard.tsx,210,"text-white","className=""relative flex-1 min-w-[160px] px-6 py-4 bg-linear-to-r from-orange-500 to-rose-500 text-white text-[11px] tracking-[0.2em] uppercase font-medium tran",high
src/components/ui/MagicBrandCard.tsx,224,"text-white","className=""px-6 py-4 bg-white/10 hover:bg-white/20 border border-white/20 hover:border-white/40 text-white/70 hover:text-white text-[11px] tracking-[0.2em] uppe",high
src/components/ui/Navigation.tsx,51,"text-white","const navGhostClass = `${navPillClass} text-white/80 hover:bg-white/5 hover:text-white`;",high
src/components/ui/Navigation.tsx,52,"text-white","const navActiveClass = `${navPillClass} bg-white/5 text-white`;",high
src/components/ui/Navigation.tsx,56,"bg-white","""cta-outline inline-flex min-h-[44px] min-w-34 items-center justify-center whitespace-nowrap px-4 py-2.5 text-sm text-white/90 hover:bg-white hover:text-black f",high
src/components/ui/Navigation.tsx,100,"rgba(0, 0, 0, 0.4)","background: isScrolled ? ""rgba(0, 0, 0, 0.4)"" : ""rgba(0, 0, 0, 0.1)"",",medium
src/components/ui/Navigation.tsx,103,"rgba(255,255,255,0.08)","? ""inset 0 -1px 0 0 rgba(255,255,255,0.08), 0 4px 24px rgba(0,0,0,0.3)""",medium
src/components/ui/Navigation.tsx,104,"rgba(255,255,255,0.04)",": ""inset 0 -1px 0 0 rgba(255,255,255,0.04)"",",medium
src/components/ui/Navigation.tsx,143,"rgba(0, 0, 0, 0.6)","background: ""rgba(0, 0, 0, 0.6)"",",medium
src/components/ui/Navigation.tsx,146,"rgba(255,255,255,0.1)","""inset 0 1px 0 0 rgba(255,255,255,0.1), 0 12px 48px rgba(0,0,0,0.6), 0 0 0 1px rgba(255,255,255,0.08)"",",medium
src/components/ui/Navigation.tsx,155,"text-white","className=""block px-7 py-5 text-white/80 hover:text-white transition-all duration-400 group/item relative overflow-hidden""",high
src/components/ui/Navigation.tsx,195,"text-white","(locale === ""ua"" ? ""text-white bg-white/10"" : ""text-white/60 hover:text-white/80"")",high
src/components/ui/Navigation.tsx,204,"text-white","(locale === ""en"" ? ""text-white bg-white/10"" : ""text-white/60 hover:text-white/80"")",high
src/components/ui/Navigation.tsx,215,"text-white","className=""md:hidden relative w-10 h-10 text-white""",high
src/components/ui/Navigation.tsx,222,"bg-white","""block w-6 h-0.5 bg-white transition-all duration-300 "" +",high
src/components/ui/Navigation.tsx,228,"bg-white","""block w-6 h-0.5 bg-white transition-all duration-300 "" +",high
src/components/ui/Navigation.tsx,234,"bg-white","""block w-6 h-0.5 bg-white transition-all duration-300 "" +",high
src/components/ui/Navigation.tsx,253,"text-white","(locale === ""ua"" ? ""text-white bg-white/10"" : ""text-white/60 hover:text-white/80"")",high
src/components/ui/Navigation.tsx,262,"text-white","(locale === ""en"" ? ""text-white bg-white/10"" : ""text-white/60 hover:text-white/80"")",high
src/components/ui/Navigation.tsx,270,"text-white","className=""px-4 py-2 text-white/60 hover:text-white font-light transition-colors""",high
src/components/ui/Navigation.tsx,279,"text-white","className=""px-4 py-2 text-white/60 hover:text-white font-light transition-colors""",high
src/components/ui/Navigation.tsx,290,"text-white","className=""mx-4 mb-4 px-5 py-3 rounded-full bg-white/10 text-white/80 hover:text-white hover:bg-white/15 font-light tracking-wide transition-colors""",high
src/components/ui/Navigation.tsx,302,"text-white","className=""block py-2 text-white/60 hover:text-white font-light transition-colors""",high
src/components/ui/Navigation.tsx,323,"rgba(22,22,26,0.92)","background: ""linear-gradient(165deg, rgba(22,22,26,0.92), rgba(12,12,16,0.92))"",",medium
src/components/ui/Navigation.tsx,328,"text-white","<h3 className=""text-xl font-light text-white"">{t.nav.contact}</h3>",high
src/components/ui/Navigation.tsx,331,"text-white","className=""text-white/50 hover:text-white transition-colors focus:outline-hidden focus-visible:ring-2 focus-visible:ring-white/40 rounded-sm""",high
src/components/ui/Navigation.tsx,346,"text-white","? ""bg-linear-to-r from-orange-500/20 to-red-500/20 text-white shadow-lg shadow-orange-500/20""",high
src/components/ui/Navigation.tsx,358,"text-white","? ""bg-linear-to-r from-blue-500/20 to-cyan-500/20 text-white shadow-lg shadow-cyan-500/20""",high
src/components/ui/Navigation.tsx,370,"text-white","className=""w-full bg-white/5 text-white px-5 py-3 outline-hidden text-sm placeholder:text-white/30 rounded-md""",high
src/components/ui/Navigation.tsx,378,"text-white","className=""w-full bg-white/5 text-white px-5 py-3 outline-hidden text-sm placeholder:text-white/30 rounded-md""",high
src/components/ui/Navigation.tsx,386,"text-white","className=""w-full bg-white/5 text-white px-5 py-3 outline-hidden text-sm placeholder:text-white/30 rounded-md""",high
src/components/ui/Navigation.tsx,402,"text-white","? ""bg-blue-500/20 text-white border border-blue-500/30""",high
src/components/ui/Navigation.tsx,414,"text-white","? ""bg-green-500/20 text-white border border-green-500/30""",high
src/components/ui/Navigation.tsx,425,"text-white","className=""w-full bg-white/5 text-white px-5 py-3 border border-white/10 focus:border-white/30 outline-hidden text-sm placeholder:text-white/30 rounded-md""",high
src/components/ui/Navigation.tsx,433,"text-white","className=""w-full bg-white/5 text-white px-5 py-3 border border-white/10 focus:border-white/30 outline-hidden text-sm placeholder:text-white/30 resize-none roun",high
src/components/ui/Navigation.tsx,441,"bg-white","className=""w-full py-3.5 rounded-full text-sm tracking-wider uppercase font-medium bg-white text-black hover:bg-white/90 transition-colors disabled:opacity-50 f",high
src/components/ui/OnePage.tsx,59,"#ff6b0030","? `radial-gradient(ellipse at 30% 50%, #ff6b0030 0%, transparent 50%), radial-gradient(ellipse at 70% 50%, #0066ff30 0%, transparent 50%)`",medium
src/components/ui/OnePage.tsx,69,"rgba(255,107,0,0.15)","background: 'radial-gradient(ellipse 800px 400px at 30% 50%, rgba(255,107,0,0.15) 0%, transparent 60%)',",medium
src/components/ui/OnePage.tsx,76,"rgba(0,102,255,0.15)","background: 'radial-gradient(ellipse 800px 400px at 70% 50%, rgba(0,102,255,0.15) 0%, transparent 60%)',",medium
src/components/ui/OnePage.tsx,86,"rgba(0,0,0,0.5)","background: 'radial-gradient(circle at 50% 50%, transparent 0%, rgba(0,0,0,0.5) 100%)'",medium
src/components/ui/OnePage.tsx,119,"#ffffff","color: '#ffffff',",high
src/components/ui/OnePage.tsx,120,"text-white","textColor: 'text-white'",high
src/components/ui/OnePage.tsx,128,"#ff6b00","color: '#ff6b00',",medium
src/components/ui/OnePage.tsx,137,"#ff0000","color: '#ff0000',",medium
src/components/ui/OnePage.tsx,146,"#0066ff","color: '#0066ff',",medium
src/components/ui/OnePage.tsx,181,"rgba(255, 255, 255, 0.03)","background: index === 0 ? 'transparent' : 'rgba(255, 255, 255, 0.03)',",medium
src/components/ui/OnePage.tsx,183,"rgba(255, 255, 255, 0.1)","border: index === 0 ? 'none' : '1px solid rgba(255, 255, 255, 0.1)',",medium
src/components/ui/OnePage.tsx,185,"rgba(255, 255, 255, 0.1)","inset 0 1px 1px rgba(255, 255, 255, 0.1),",medium
src/components/ui/OnePage.tsx,186,"rgba(0, 0, 0, 0.4)","0 8px 32px rgba(0, 0, 0, 0.4),",medium
src/components/ui/OnePage.tsx,213,"#ff6b00","background: 'linear-gradient(90deg, #ff6b00 0%, transparent 30%, transparent 70%, #0066ff 100%)',",medium
src/components/ui/OnePage.tsx,220,"#ff8c00","background: 'linear-gradient(90deg, #ff8c00 0%, #ffaa44 15%, #ffffff 35%, #ffffff 65%, #44aaff 85%, #0088ff 100%)',",medium
src/components/ui/OnePage.tsx,225,"rgba(255,255,255,0.4)","filter: 'drop-shadow(0 0 60px rgba(255,255,255,0.4)) drop-shadow(0 0 100px rgba(255,107,0,0.3)) drop-shadow(0 0 100px rgba(0,102,255,0.3))'",medium
src/components/ui/OnePage.tsx,234,"rgba(0,0,0,0.8)","textShadow: '0 2px 30px rgba(0,0,0,0.8), 0 0 60px rgba(255,255,255,0.2)'",medium
src/components/ui/OnePage.tsx,255,"rgba(0,0,0,0.5)","textShadow: '0 2px 20px rgba(0,0,0,0.5)'",medium
src/components/ui/OnePage.tsx,263,"rgba(0,0,0,0.5)","textShadow: '0 2px 20px rgba(0,0,0,0.5)'",medium
src/components/ui/OnePage.tsx,276,"rgba(255, 255, 255, 0.05)","background: 'rgba(255, 255, 255, 0.05)',",medium
src/components/ui/OnePage.tsx,278,"rgba(255, 255, 255, 0.1)","border: '1px solid rgba(255, 255, 255, 0.1)',",medium
src/components/ui/OnePage.tsx,280,"rgba(255, 255, 255, 0.1)","boxShadow: `inset 0 1px 1px rgba(255, 255, 255, 0.1), 0 4px 16px rgba(0, 0, 0, 0.2)`",medium
src/components/ui/OnePage.tsx,294,"rgba(255, 255, 255, 0.1)","background: 'rgba(255, 255, 255, 0.1)',",medium
src/components/ui/OnePage.tsx,296,"rgba(255, 255, 255, 0.2)","border: '1px solid rgba(255, 255, 255, 0.2)',",medium
src/components/ui/OnePage.tsx,298,"rgba(255, 255, 255, 0.2)","inset 0 1px 1px rgba(255, 255, 255, 0.2),",medium
src/components/ui/OnePage.tsx,299,"rgba(0, 0, 0, 0.3)","0 8px 32px rgba(0, 0, 0, 0.3),",medium
src/components/ui/OnePage.tsx,303,"rgba(0,0,0,0.3)","textShadow: '0 2px 10px rgba(0,0,0,0.3)'",medium
src/components/ui/OnePage.tsx,333,"rgba(255, 255, 255, 0.05)","background: 'rgba(255, 255, 255, 0.05)',",medium
src/components/ui/OnePage.tsx,335,"rgba(255, 255, 255, 0.2)","border: '1px solid rgba(255, 255, 255, 0.2)',",medium
src/components/ui/OnePage.tsx,336,"rgba(255, 255, 255, 0.1)","boxShadow: 'inset 0 1px 1px rgba(255, 255, 255, 0.1), 0 8px 32px rgba(0, 0, 0, 0.3)'",medium
src/components/ui/OnePage.tsx,340,"bg-white","className=""w-2 h-2 rounded-full bg-white""",high
src/components/ui/OnePage.tsx,344,"rgba(255, 255, 255, 0.8)","boxShadow: '0 0 20px rgba(255, 255, 255, 0.8)'",medium
src/components/ui/Overlay.tsx,42,"rgba(0, 0, 0, 0.25)","background: ""rgba(0, 0, 0, 0.25)"",",medium
src/components/ui/Overlay.tsx,45,"rgba(255,255,255,0.1)","inset 0 1px 0 0 rgba(255,255,255,0.1),",medium
src/components/ui/Overlay.tsx,46,"rgba(0,0,0,0.5)","0 20px 60px rgba(0,0,0,0.5),",medium
src/components/ui/Overlay.tsx,47,"rgba(255,255,255,0.05)","0 0 0 1px rgba(255,255,255,0.05)",medium
src/components/ui/Overlay.tsx,75,"#ffffff","color: ""#ffffff"",",high
src/components/ui/Overlay.tsx,77,"rgba(255,255,255,0.1)","WebkitTextStroke: ""0.5px rgba(255,255,255,0.1)"",",medium
src/components/ui/Overlay.tsx,88,"rgba(255,255,255,0.85)","color: ""rgba(255,255,255,0.85)"",",medium
src/components/ui/Overlay.tsx,89,"rgba(0,0,0,0.3)","textShadow: ""0 2px 10px rgba(0,0,0,0.3)"",",medium
src/components/ui/Overlay.tsx,102,"rgba(255, 255, 255, 0.04)","background: ""rgba(255, 255, 255, 0.04)"",",medium
src/components/ui/Overlay.tsx,105,"rgba(255,255,255,0.08)","inset 0 1px 0 0 rgba(255,255,255,0.08),",medium
src/components/ui/Overlay.tsx,106,"rgba(255,255,255,0.04)","0 0 0 1px rgba(255,255,255,0.04)",medium
src/components/ui/Overlay.tsx,121,"rgba(255,255,255,0.9)","style={{ color: ""rgba(255,255,255,0.9)"" }}",medium
src/components/ui/Overlay.tsx,132,"text-white","className=""group relative px-10 py-5 rounded-full font-semibold text-white text-lg transition-all duration-500 overflow-hidden""",high
src/components/ui/Overlay.tsx,137,"rgba(255,255,255,0.15)","inset 0 1px 0 0 rgba(255,255,255,0.15),",medium
src/components/ui/Overlay.tsx,145,"rgba(255,255,255,0.2)","inset 0 1px 0 0 rgba(255,255,255,0.2),",medium
src/components/ui/Overlay.tsx,153,"rgba(255,255,255,0.15)","inset 0 1px 0 0 rgba(255,255,255,0.15),",medium
src/components/ui/Overlay.tsx,186,"#ff8800","color: ""#ff8800"",",medium
src/components/ui/Overlay.tsx,199,"#ff4444","color: ""#ff4444"",",medium
src/components/ui/Overlay.tsx,207,"#00aaff","color: ""#00aaff"",",medium
src/components/ui/PremiumButton.tsx,26,"text-white","text-white border border-cyan-400/50",high
src/components/ui/PremiumButton.tsx,35,"text-white","text-white/80 hover:text-white",high
src/components/ui/PremiumButton.tsx,42,"text-white","text-white backdrop-blur-md bg-white/5",high
src/components/ui/PremiumButton.tsx,71,"bg-white","<span className=""absolute -bottom-1 left-0 w-0 h-px bg-white transition-all duration-300 group-hover:w-full"" />",high
src/components/ui/ReadMore.tsx,32,"text-white","className=""mt-4 flex items-center gap-2 text-xs uppercase tracking-widest text-zinc-500 hover:text-zinc-900 dark:text-zinc-400 dark:hover:text-white transition-",high
src/components/ui/ScrollProgress.tsx,25,"rgba(255,255,255,0.03)","background: ""rgba(255,255,255,0.03)"",",medium
src/components/ui/ScrollProgress.tsx,32,"rgba(255,136,0,0.8)","boxShadow: ""0 0 20px rgba(255,136,0,0.8), 0 0 40px rgba(255,68,68,0.4)"",",medium
src/components/ui/ScrollProgress.tsx,45,"rgba(0, 0, 0, 0.3)","background: ""rgba(0, 0, 0, 0.3)"",",medium
src/components/ui/ScrollProgress.tsx,48,"rgba(255,255,255,0.1)","inset 0 1px 0 0 rgba(255,255,255,0.1),",medium
src/components/ui/ScrollProgress.tsx,49,"rgba(0,0,0,0.4)","0 8px 32px rgba(0,0,0,0.4),",medium
src/components/ui/ScrollProgress.tsx,50,"rgba(255,255,255,0.08)","0 0 0 1px rgba(255,255,255,0.08)",medium
src/components/ui/ScrollProgress.tsx,60,"rgba(255,255,255,0.05)","stroke=""rgba(255,255,255,0.05)""",medium
src/components/ui/ScrollProgress.tsx,76,"rgba(255,136,0,0.8)","filter: ""drop-shadow(0 0 12px rgba(255,136,0,0.8))"",",medium
src/components/ui/ScrollProgress.tsx,81,"#ff8800","<stop offset=""0%"" stopColor=""#ff8800"" />",medium
src/components/ui/ScrollProgress.tsx,82,"#ff4444","<stop offset=""50%"" stopColor=""#ff4444"" />",medium
src/components/ui/ScrollProgress.tsx,83,"#00aaff","<stop offset=""100%"" stopColor=""#00aaff"" />",medium
src/components/ui/ScrollProgress.tsx,90,"rgba(255,255,255,0.9)","color: ""rgba(255,255,255,0.9)"",",medium
src/components/ui/ScrollProgress.tsx,91,"rgba(0,0,0,0.5)","textShadow: ""0 2px 8px rgba(0,0,0,0.5)"",",medium
src/components/ui/Snackbar.tsx,16,"text-white","<div className=""rounded-md bg-zinc-900/90 px-4 py-2 text-white text-sm shadow-lg"">",high
src/components/ui/SpotlightCard.tsx,16,"rgba(255, 255, 255, 0.15)","spotlightColor = 'rgba(255, 255, 255, 0.15)',",medium
src/components/ui/StatsStrip.tsx,33,"text-white","<div className=""text-4xl md:text-5xl font-light tracking-tight text-white mb-2"">",high
src/components/ui/StoreCard.tsx,45,"rgba(255,255,255,0.03)","<div className=""absolute inset-0 bg-[radial-gradient(circle_at_50%_50%,rgba(255,255,255,0.03),transparent_50%)] pointer-events-none"" />",medium
src/components/ui/StoreCard.tsx,52,"text-white","className={`px-5 py-2 rounded-full bg-linear-to-r ${color} bg-opacity-10 backdrop-blur-md border border-white/20 text-xs font-medium text-white uppercase tracki",high
src/components/ui/StoreCard.tsx,68,"text-white","<h3 className=""text-6xl font-extralight text-white mb-6 transition-all duration-500 group-hover:scale-110 group-hover:tracking-wider leading-tight"">",high
src/components/ui/StoreCard.tsx,83,"text-white","className={`flex items-center gap-4 text-white transition-all duration-700 ${isHovered ? ""translate-x-0 opacity-100"" : ""-translate-x-8 opacity-0""}`}",high
src/components/ui/StoreHeroSection.tsx,66,"text-white","<h1 className=""text-3xl md:text-5xl lg:text-6xl font-extralight text-white mb-2 md:mb-3 tracking-tight leading-tight px-4"">",high
src/components/ui/StoreHeroSection.tsx,103,"text-white","<h3 className=""text-lg md:text-xl font-light text-white mb-1 md:mb-2 tracking-wide"">",high
src/components/ui/StoreHeroSection.tsx,131,"text-white","className=""group inline-flex items-center gap-4 px-10 py-4 bg-white/10 border border-white/20 rounded-full text-white text-base font-light uppercase tracking-[0",high
src/components/ui/StoreHeroSection.tsx,170,"text-white","<h1 className=""text-3xl md:text-5xl lg:text-6xl font-extralight text-white mb-2 md:mb-3 tracking-tight leading-tight px-4"">",high
src/components/ui/StoreHeroSection.tsx,209,"text-white","<h3 className=""text-lg md:text-xl font-light text-white mb-1 md:mb-2 tracking-wide"">",high
src/components/ui/StoreHeroSection.tsx,235,"text-white","className=""group inline-flex items-center gap-4 px-10 py-4 bg-white/10 border border-white/20 rounded-full text-white text-base font-light uppercase tracking-[0",high
src/components/ui/StoreHeroSection.tsx,275,"text-white","<h1 className=""text-3xl md:text-5xl lg:text-6xl font-extralight text-white mb-2 md:mb-3 tracking-tight leading-tight"">",high
src/components/ui/StoreHeroSection.tsx,315,"text-white","<h3 className=""text-sm md:text-lg font-light text-white mb-0.5 md:mb-1 tracking-wide"">",high
src/components/ui/StoreHeroSection.tsx,341,"text-white","className=""group inline-flex items-center gap-3 md:gap-4 px-6 md:px-10 py-3 md:py-4 bg-white/10 border border-white/20 rounded-full text-white text-sm md:text-b",high
src/components/ui/TiltedCard.tsx,75,"rgba(255,255,255,0.05)","""linear-gradient(105deg, transparent 20%, rgba(255,255,255,0.05) 25%, transparent 30%)"",",medium
src/components/ui/VideoSection.tsx,12,"#ffffff","export const VideoSection = ({ videoSrc, isActive, opacity, brandColor = '#ffffff' }: VideoSectionProps) => {",high
src/components/ui/VideoSection.tsx,60,"rgba(0,0,0,0.4)","background: 'radial-gradient(circle at 50% 50%, transparent 0%, rgba(0,0,0,0.4) 100%)'",medium
src/lib/brabusCatalogCleanup.ts,26,"#160","'#160': ' ',",medium
src/lib/brabusCatalogCleanup.ts,28,"#8217","'#8217': '’',",medium
src/lib/shopText.ts,25,"#160","'#160': ' ',",medium
src/lib/shopText.ts,27,"#8217","'#8217': '’',",medium