store,source,productId,sku,slug,url,titleUa,titleEn,hasShortDescUa,hasShortDescEn,hasLongOrBodyUa,hasLongOrBodyEn,priceEur,priceUah,hasImage,imageCount,httpStatus,htmlHasTitle,htmlHasPrice,pass,issuesCount,issues
adro,brand,cmnxlgfsl02uue90cqvzengip,"A11A10-1302","adro-a11a10-1302","http://localhost:3000/ua/shop/adro/products/adro-a11a10-1302","ADRO A11A10-1302 Задній дифузор V2 для GENESIS G70 2019-","ADRO A11A10-1302 V2 Rear Diffuser for GENESIS G70 2019-",false,true,true,true,,57915,true,1,200,true,true,true,0,""
adro,brand,cmnxliknd02y0e90cdcl49bzi,"A18A10-2101/A18A10-1202","adro-a18a10-2101-a18a10-1202","http://localhost:3000/ua/shop/adro/products/adro-a18a10-2101-a18a10-1202","ADRO A18A10-2101/A18A10-1202 Передній бампер в стилі рестайлінгу з накладкою для TOYOTA GR86 / SUBARU BRZ 2022-","ADRO A18A10-2101/A18A10-1202 Facelift Style Front Bumper with Splitter for TOYOTA GR86 / SUBARU BRZ 2022-",false,true,true,true,,102375,true,1,200,true,true,true,0,""
adro,brand,cmnxlb0ir02n3e90cve0hsue7,"A16A10-1301","adro-a16a10-1301","http://localhost:3000/ua/shop/adro/products/adro-a16a10-1301","ADRO A16A10-1301 Задній дифузор для FORD Mustang EcoBoost / GT 2018-2023","ADRO A16A10-1301 Rear Diffuser for FORD Mustang EcoBoost / GT 2018-2023",false,true,true,true,,70200,true,1,200,true,true,true,0,""
adro,brand,cmnxlcv0m02poe90cgkwd5cgr,"A18A20-1101/A18A20-2401","adro-a18a20-1101-a18a20-2401","http://localhost:3000/ua/shop/adro/products/adro-a18a20-1101-a18a20-2401","ADRO A18A20-1101/A18A20-2401 Комплект розширення кузова Option 4 (без бампера і крила AT-P1) для TOYOTA Supra GR 2020-","ADRO A18A20-1101/A18A20-2401 Option 4 Widebody Kit (Excludes AT-P1 Bumper & Fender) for TOYOTA Supra GR 2020-",false,true,true,true,,842400,true,1,200,true,true,true,0,""
adro,brand,cmnxleayr02roe90cra2q03i3,"A12A10-1301","adro-a12a10-1301","http://localhost:3000/ua/shop/adro/products/adro-a12a10-1301","ADRO A12A10-1301 Задній дифузор для KIA K5 2020-","ADRO A12A10-1301 Carbon Fiber Rear Diffuser for KIA K5 2020-",false,true,true,true,,57330,true,1,200,true,true,true,0,""
akrapovic,brand,cmnxjhfuq0036e90czi106kof,"S-AU/TI/6H","akrapovic-s-au-ti-6h","http://localhost:3000/ua/shop/akrapovic/products/akrapovic-s-au-ti-6h","AKRAPOVIC S-AU/TI/6H Вихлопна система Evolution Line (титан) для AUDI S7 (C7)","AKRAPOVIC S-AU/TI/6H Evolution Line Exhaust System (Titanium) for AUDI S7 (C7)",false,true,true,true,,463450,true,1,200,true,true,true,0,""
akrapovic,brand,cmnxjoemv00cte90cc105sjhb,"TP-CT/53","akrapovic-tp-ct-53","http://localhost:3000/ua/shop/akrapovic/products/akrapovic-tp-ct-53","AKRAPOVIC TP-CT/53 Насадки вихлопної системи для PORSCHE 536 Cayenne і Cayenne Coupe (E3)","AKRAPOVIC TP-CT/53 Exhaust Tailpipes for PORSCHE 536 Cayenne and Cayenne Coupe (E3)",false,false,false,false,,95022,true,1,200,false,true,false,3,"descUa:no UA description (short/long/body all empty) | descEn:no EN description (short/long/body all empty) | page:title ""AKRAPOVIC TP-CT/53 Н"" not found in HTML"
akrapovic,brand,cmnxjtghd00jxe90c9ougcd46,"S-BM/T/30H","akrapovic-s-bm-t-30h","http://localhost:3000/ua/shop/akrapovic/products/akrapovic-s-bm-t-30h","AKRAPOVIC S-BM/T/30H Вихлопна система Slip-On Line (титан) для BMW M340I (G20/G21) / M440I (G22/G23) 2020-2024","AKRAPOVIC S-BM/T/30H Slip-On Line Exhaust System (Titanium) for BMW M340I (G20/G21) / M440I (G22/G23) 2020-2024",false,false,false,false,,324714,true,1,200,false,true,false,3,"descUa:no UA description (short/long/body all empty) | descEn:no EN description (short/long/body all empty) | page:title ""AKRAPOVIC S-BM/T/30H"" not found in HTML"
akrapovic,brand,cmnxjkyb10083e90c2ztmy2g8,"E-PO/T/5","akrapovic-e-po-t-5","http://localhost:3000/ua/shop/akrapovic/products/akrapovic-e-po-t-5","AKRAPOVIC E-PO/T/5 Комплект випускних колекторів Evolution (титан) для PORSCHE 911 GT3RS / GT3 (991)","AKRAPOVIC E-PO/T/5 Evolution Header System (Titanium) for PORSCHE 911 GT3RS / GT3 (991)",false,true,true,true,,373630,true,1,200,true,true,true,0,""
akrapovic,brand,cmnxjqew300fne90cfi760get,"S-PO/TI/11H","akrapovic-s-po-ti-11h","http://localhost:3000/ua/shop/akrapovic/products/akrapovic-s-po-ti-11h","AKRAPOVIC S-PO/TI/11H Вихлопна система Evolution Line (Titanium) для PORSCHE Cayenne/Coup?й (536) - OPF/GPF","AKRAPOVIC S-PO/TI/11H Evolution Line Exhaust System (Titanium) for PORSCHE Cayenne/Coupé (536) - OPF/GPF",false,false,false,false,,367531,true,1,200,false,true,false,3,"descUa:no UA description (short/long/body all empty) | descEn:no EN description (short/long/body all empty) | page:title ""AKRAPOVIC S-PO/TI/11"" not found in HTML"
brabus,brand,cmn9fbpxp0569e90wgxiprhhb,"z12-z223-gu","brabus-s-klasse-z12-z223-gu","http://localhost:3000/ua/shop/brabus/products/brabus-s-klasse-z12-z223-gu","Monoblock Z для Mercedes – Z 223 – Maybach S 580 / S 680","Monoblock Z  for Mercedes – Z 223 – Maybach S 580 / S 680",true,true,true,true,4641,,true,8,200,true,true,true,0,""
brabus,brand,cmn9fboxc03s3e90wub39ngcx,"x290-857-09","brabus-gt-klasse-x290-857-09","http://localhost:3000/ua/shop/brabus/products/brabus-gt-klasse-x290-857-09","Обшивка Alcantara для Mercedes – X 290 – AMG GT 63 Facelift","Alcantara hat rack for Mercedes – X 290 – AMG GT 63 Facelift",true,true,true,true,1071,,true,8,200,true,true,true,0,""
brabus,brand,cmn9fboz603uve90w50npq0qe,"290-465-99","brabus-gt-klasse-290-465-99","http://localhost:3000/ua/shop/brabus/products/brabus-gt-klasse-290-465-99","Накладка на задній бампер Carbon для Mercedes – X 290 – AMG GT 63","Carbon rear fascia attachments for Mercedes – X 290 – AMG GT 63",true,true,true,true,2368.1,,true,8,200,true,true,true,0,""
brabus,brand,cmnev1sw40040e9mgt1hidg6c,"Z12-257-GU","brabus-z12-257-gu","http://localhost:3000/ua/shop/brabus/products/brabus-z12-257-gu","Monoblock Z для Mercedes – C257 – CLS 220 – CLS 450 | AMG Line","Monoblock Z for Mercedes – C257 – CLS 220 – CLS 450 | AMG Line",true,true,true,true,4641,,true,13,200,true,true,true,0,""
brabus,brand,cmn9fbp0g03wie90wviz2rvkt,"192-505-99","brabus-gt-klasse-192-505-99","http://localhost:3000/ua/shop/brabus/products/brabus-gt-klasse-192-505-99","Розширювачі крил Carbon для Mercedes – C 192 – AMG GT 63","Carbon fender add-on parts for Mercedes – C 192 – AMG GT 63",true,true,true,true,3451,,true,8,200,true,true,true,0,""
burger,brand,cmneviwgt05vve9mgiba990o0,"BURGER-8148353613998","burger-bms-billet-radiator-cap-upgrade-for-subaru","http://localhost:3000/ua/shop/burger/products/burger-bms-billet-radiator-cap-upgrade-for-subaru","BMS Цілофрезерована Модернізація Кришки Радіатора для Subaru WRX, STI та Legacy","BMS Billet Radiator Cap Upgrade for Subaru WRX, STI, & Legacy",false,false,true,true,62.01,,true,4,200,true,true,true,0,""
burger,brand,cmnevrsnl07nne9mg1veu0rmp,"BURGER-7561337503918","burger-group-18-jb4-for-ea888-gen4-mk8-golf-r-audi-s3-8y-cupra-leon-formentor","http://localhost:3000/ua/shop/burger/products/burger-group-18-jb4-for-ea888-gen4-mk8-golf-r-audi-s3-8y-cupra-leon-formentor","Група 18: JB4 для EA888 Gen4 для Mk8 Golf R, Audi S3 8Y, Cupra Leon/Formentor","Group 18: JB4 for EA888 Gen4 for Mk8 Golf R, Audi S3 8Y, Cupra Leon/Formentor",false,false,true,true,583.19,,true,5,200,true,true,true,0,""
burger,brand,cmnevypsc09dbe9mgceecrv2t,"BURGER-4450997600371","burger-bms-b46-b48-billet-intake","http://localhost:3000/ua/shop/burger/products/burger-bms-b46-b48-billet-intake","Цілофрезерований впуск BMS B46/B48 для BMW","BMS B46/B48 Billet Intake for BMW",false,false,true,true,228.99,,true,16,200,true,true,true,0,""
burger,brand,cmnevpu7u0790e9mgj8n2e7t7,"BURGER-7764685848750","burger-bms-downshift-blocker-for-2018-kia-stinger-genesis-g70-g80","http://localhost:3000/ua/shop/burger/products/burger-bms-downshift-blocker-for-2018-kia-stinger-genesis-g70-g80","BMS Блокатор зниження передачі для 2018+ KIA Stinger та Genesis G70/G80","BMS Downshift Blocker for 2018+ KIA Stinger & Genesis G70/G80",false,false,true,true,46.83,,true,2,200,true,true,true,0,""
burger,brand,cmnev2yir0090e9mgvslj4ykb,"BURGER-9050534543534","burger-bms-2025-dodge-charger-scat-pack-six-pack-dual-oil-catch-can-system-pcv-ccv","http://localhost:3000/ua/shop/burger/products/burger-bms-2025-dodge-charger-scat-pack-six-pack-dual-oil-catch-can-system-pcv-ccv","BMS 2026+ Dodge Charger Scat Pack Подвійна система масловловлювачів (PCV & CCV)","BMS 2026+ Dodge Charger Scat Pack Dual Oil Catch Can System (PCV & CCV)",false,false,true,true,532.59,,true,3,200,true,true,true,0,""
csf,brand,cmnxkxt1z024te90cyx6odeg0,"8132","csf-8132","http://localhost:3000/ua/shop/csf/products/csf-8132","CSF 8132 Радіатор охолодження QUADRUPLE PASS DSG для VAG MQB","CSF 8132 Cooling Radiator QUADRUPLE PASS DSG for VAG MQB",false,true,true,true,,16286,true,1,200,true,true,true,0,""
csf,brand,cmnxl4g2f02dye90cyd4gjl04,"8260","csf-8260","http://localhost:3000/ua/shop/csf/products/csf-8260","CSF 8260 Масляний радіатор для PORSCHE 914-6 1970-1972","CSF 8260 Oil Cooler for PORSCHE 914-6 1970-1972",false,true,true,true,,49253,true,1,200,true,true,true,0,""
csf,brand,cmnxl5xk002g0e90c8sfm8dd9,"8317","csf-8317","http://localhost:3000/ua/shop/csf/products/csf-8317","CSF 8317 Високопродуктивний масляний радіатор двигуна для BMW M5 (G90 / F90 / F10) / M6 (F06 / F12 / F13) / M8 (F91 / F92 / F93)","CSF 8317 High-Performance Engine Oil Cooler for BMW M5 (G90 / F90 / F10) / M6 (F06 / F12 / F13) / M8 (F91 / F92 / F93)",false,true,true,true,,34601,true,1,200,true,true,true,0,""
csf,brand,cmnxktg3401yte90crpujkvf5,"8068","csf-8068","http://localhost:3000/ua/shop/csf/products/csf-8068","CSF 8068 Ядро інтеркулера High Performance Bar & plate 27x6x3 (vertical flow)","CSF 8068 High Performance Bar & Plate Intercooler Core 27x6x3 (Vertical Flow)",false,true,true,true,,17276,true,1,200,true,true,true,0,""
csf,brand,cmnxkypd10261e90c4bat2o3f,"8166","csf-8166","http://localhost:3000/ua/shop/csf/products/csf-8166","CSF 8166 К-т інтеркулера для PORSCHE 911 GT2RS (991) 2018-2019","CSF 8166 Intercooler Kit for PORSCHE 911 GT2RS (991) 2018-2019",false,true,true,true,,247253,true,1,200,true,true,true,0,""
do88,brand,cmnevbwcj00i9e9xgu31rvi2g,"B25G63","do88-b25g63","http://localhost:3000/ua/shop/do88/products/do88-b25g63","Синій силіконовий патрубок 25° 2,5"" (63 мм)","Blue Silicone Hose 25° 2.5"" (63 mm)",true,true,true,true,31.3,,true,1,200,true,true,true,0,""
do88,brand,cmnevktot00z8e9xgejirxe46,"do88-kit10-r","do88-do88-kit10-r","http://localhost:3000/ua/shop/do88/products/do88-do88-kit10-r","Volvo 940 турбо 92-98 шланги охолодження","Volvo 940 Turbo 92-98 Coolant Hoses",true,true,true,true,140.77,,true,1,200,true,true,true,0,""
do88,brand,cmnev2sdb000ie9xg587oh970,"B45G83","do88-b45g83","http://localhost:3000/ua/shop/do88/products/do88-b45g83","Синій силіконовий патрубок 45° 3,25"" (83 мм)","Blue Silicone Hose 45° 3.25"" (83 mm)",true,true,true,true,35.27,,true,1,200,true,true,true,0,""
do88,brand,cmneva3jk00ere9xge0o8frqi,"AD89","do88-ad89","http://localhost:3000/ua/shop/do88/products/do88-ad89","Повітряний шланг 3,5"" (89 мм)","Air Hose 3.5"" (89 mm)",true,true,true,true,68.11,,true,1,200,true,true,true,0,""
do88,brand,cmnev8jbz00bre9xgig7mks6q,"RBR45G76-89","do88-rbr45g76-89","http://localhost:3000/ua/shop/do88/products/do88-rbr45g76-89","Червоний силіконовий патрубок 45° 3 - 3,5"" (76 - 89 мм)","Red Silicone Hose 45° 3 - 3.5"" (76 - 89 mm)",true,true,true,true,35.59,,true,1,200,true,true,true,0,""
forged,forged,oc-p104sc,"","oc-p104sc","http://localhost:3000/ua/shop/forged/products/oc-p104sc","OC Aero Split 104","OC Aero Split 104",true,true,true,true,1200,,true,2,200,true,,true,0,""
forged,forged,oc-p101sc,"","oc-p101sc","http://localhost:3000/ua/shop/forged/products/oc-p101sc","OC Aero Split 101","OC Aero Split 101",true,true,true,true,1150,,true,2,200,true,,true,0,""
forged,forged,oc-mv-cr05,"","oc-mv-cr05","http://localhost:3000/ua/shop/forged/products/oc-mv-cr05","OC Corsa CR05","OC Corsa CR05",true,true,true,true,1250,,true,2,200,true,,true,0,""
forged,forged,oc-pf13-rs,"","oc-pf13-rs","http://localhost:3000/ua/shop/forged/products/oc-pf13-rs","OC Motorsport PF13","OC Motorsport PF13",true,true,true,true,1280,,true,2,200,true,,true,0,""
forged,forged,oc-fd15,"","oc-fd15","http://localhost:3000/ua/shop/forged/products/oc-fd15","OC Imperial FD","OC Imperial FD",true,true,true,true,1350,,true,2,200,true,,true,0,""
girodisc,brand,cmnspm8z700xre9rsxps8ivbq,"D1-307","girodisc-d1-307-peredni-zminni-kiltsia-halmivnoho-dyska-dlia-bmw-z4-m40i-g29-toyota-gr-supra-a90","http://localhost:3000/ua/shop/girodisc/products/girodisc-d1-307-peredni-zminni-kiltsia-halmivnoho-dyska-dlia-bmw-z4-m40i-g29-toyota-gr-supra-a90","GIRODISC D1-307 Передні змінні кільця гальмівного диска для BMW Z4 M40i (G29) / TOYOTA GR Supra (A90)","GIRODISC D1-307 Передні змінні кільця гальмівного диска for BMW Z4 M40i (G29) / TOYOTA GR Supra (A90)",true,true,true,true,,,true,1,200,true,true,true,0,""
girodisc,brand,cmnspmn3c00y6e9rsns2l5tf5,"D1-276","girodisc-d1-276-komplekt-zapasnykh-kilets-perednoho-rotora-dlia-porsche-911-992-gt3-gt3-rs","http://localhost:3000/ua/shop/girodisc/products/girodisc-d1-276-komplekt-zapasnykh-kilets-perednoho-rotora-dlia-porsche-911-992-gt3-gt3-rs","GIRODISC D1-276 Комплект запасних кілець переднього ротора для PORSCHE 911 (992) GT3/GT3 RS","GIRODISC D1-276 Комплект запасних кілець переднього ротора for PORSCHE 911 (992) GT3/GT3 RS",true,true,false,false,,,true,1,200,true,true,true,0,""
girodisc,brand,cmnspries013le9rs16bmz675,"D1-091","girodisc-d1-091-komplekt-zapasnykh-kilets-perednoho-rotora-dlia-ford-mustang-gt500-s197-2013-2014","http://localhost:3000/ua/shop/girodisc/products/girodisc-d1-091-komplekt-zapasnykh-kilets-perednoho-rotora-dlia-ford-mustang-gt500-s197-2013-2014","GIRODISC D1-091 Комплект запасних кілець переднього ротора для FORD Mustang GT500 (S197) 2013-2014","GIRODISC D1-091 Комплект запасних кілець переднього ротора for FORD Mustang GT500 (S197) 2013-2014",true,true,false,false,,,true,1,200,true,true,true,0,""
girodisc,brand,cmnspwezt0190e9rsljwgp5iy,"D1-147","girodisc-d1-147-komplekt-zapasnykh-kilets-perednoho-rotora-dlia-chevrolet-corvette-z06-c8","http://localhost:3000/ua/shop/girodisc/products/girodisc-d1-147-komplekt-zapasnykh-kilets-perednoho-rotora-dlia-chevrolet-corvette-z06-c8","GIRODISC D1-147 Комплект запасних кілець переднього ротора для CHEVROLET Corvette Z06 (C8)","GIRODISC D1-147 Комплект запасних кілець переднього ротора for CHEVROLET Corvette Z06 (C8)",true,true,false,false,,,true,1,200,true,true,true,0,""
girodisc,brand,cmnsqio7901y6e9rsrtuwq9mf,"BCS-12","girodisc-bcs-12-komplekt-shpylok-perednoho-halmivnoho-suporta-z-menshymy-oem-dyskamy-dlia-porsche-911-gt3-turbo-996","http://localhost:3000/ua/shop/girodisc/products/girodisc-bcs-12-komplekt-shpylok-perednoho-halmivnoho-suporta-z-menshymy-oem-dyskamy-dlia-porsche-911-gt3-turbo-996","GIRODISC BCS-12 Комплект шпильок переднього гальмівного супорта з меншими ОЕМ дисками для PORSCHE 911 GT3 / Turbo (996)","GIRODISC BCS-12 Комплект шпильок переднього гальмівного супорта з меншими ОЕМ дисками for PORSCHE 911 GT3 / Turbo (996)",true,true,true,true,,,true,1,200,true,true,true,0,""
ipe,brand,cmoaf7ai901tve9s07pklhc1m,"IPE-PORSCHEBOXSTERCAYMAN981-A74A5471","ipe-porsche-boxster-cayman-981-exhaust","http://localhost:3000/ua/shop/ipe/products/ipe-porsche-boxster-cayman-981-exhaust","Вихлопна система Porsche Boxster / Cayman / Cayman GT4 (981)","Porsche Boxster / Cayman / Cayman GT4 (981) Exhaust System",true,true,true,true,,,true,8,200,true,true,true,0,""
ipe,brand,cmoaf25s400xle9s0r6d4aix9,"IPE-MCLAREN650S-B8F03245","ipe-mclaren-650s-exhaust","http://localhost:3000/ua/shop/ipe/products/ipe-mclaren-650s-exhaust","Вихлопна система McLaren 650S","McLaren 650S Exhaust System",true,true,true,true,,,true,8,200,true,true,true,0,""
ipe,brand,cmoaf6n5s01pre9s0eubctkhk,"IPE-PORSCHE911TURBOTURBOS991-4FD19845","ipe-porsche-911-turbo-turbo-s-991-991-2-exhaust","http://localhost:3000/ua/shop/ipe/products/ipe-porsche-911-turbo-turbo-s-991-991-2-exhaust","Вихлопна система Porsche 911 Turbo / Turbo S (991/991.2)","Porsche 911 Turbo / Turbo S (991/991.2) Exhaust System",true,true,true,true,,,true,8,200,true,true,true,0,""
ipe,brand,cmoaf290300yje9s0i5nzwgxw,"IPE-MCLAREN720S-0A780A5E","ipe-mclaren-720s-exhaust","http://localhost:3000/ua/shop/ipe/products/ipe-mclaren-720s-exhaust","Вихлопна система McLaren 720S Coupe / Spider","McLaren 720S Coupe / Spider Exhaust System",true,true,true,true,,,true,6,200,true,true,true,0,""
ipe,brand,cmoaf0rcj00o2e9s0dwy3lwqp,"IPE-FERRARIPORTOFINO-4FC2D417","ipe-ferrari-portofino-exhaust","http://localhost:3000/ua/shop/ipe/products/ipe-ferrari-portofino-exhaust","Вихлопна система Ferrari Portofino","Ferrari Portofino Exhaust System",true,true,true,true,,,true,10,200,true,true,true,0,""
ohlins,brand,cmnxk67xl012le90ceve9200a,"48000-27","ohlins-48000-27","http://localhost:3000/ua/shop/ohlins/products/ohlins-48000-27","OHLINS 48000-27 Пружина 65/180/90","OHLINS 48000-27 Spring 65/180/90",false,false,false,false,,3571,true,1,200,true,true,false,2,"descUa:no UA description (short/long/body all empty) | descEn:no EN description (short/long/body all empty)"
ohlins,brand,cmnxkh7r901iwe90c97xbiurf,"35020-35","ohlins-35020-35","http://localhost:3000/ua/shop/ohlins/products/ohlins-35020-35","OHLINS 35020-35 Комплект для скасування MERCEDES A45 AMG (W177)","OHLINS 35020-35 Deactivation Kit MERCEDES A45 AMG (W177)",false,false,false,false,,19874,false,0,200,true,true,false,3,"descUa:no UA description (short/long/body all empty) | descEn:no EN description (short/long/body all empty) | image:no media records and no image field"
ohlins,brand,cmnxko9aq01sde90co59mcu60,"62473-09","ohlins-62473-09","http://localhost:3000/ua/shop/ohlins/products/ohlins-62473-09","OHLINS 62473-09 Пружина 90/420/50 N/mm","OHLINS 62473-09 Spring 90/420/50 N/mm",false,true,true,true,,30357,false,0,200,true,true,false,1,"image:no media records and no image field"
ohlins,brand,cmnxkfhsq01gbe90crh27kuzk,"35020-31","ohlins-35020-31","http://localhost:3000/ua/shop/ohlins/products/ohlins-35020-31","OHLINS 35020-31 комплект електронного демпфірування, AUDI A4/S4/RS4/A5/S5/RS5, B9","OHLINS 35020-31 Electronic Damping Kit AUDI A4/S4/RS4/A5/S5/RS5 B9",false,false,false,false,,18301,true,1,200,true,true,false,2,"descUa:no UA description (short/long/body all empty) | descEn:no EN description (short/long/body all empty)"
ohlins,brand,cmnxkbqct01aqe90c8wp8pd7w,"35020-27","ohlins-35020-27","http://localhost:3000/ua/shop/ohlins/products/ohlins-35020-27","OHLINS 35020-27 комплект електронного демпфірування, AUDI S3 8P","OHLINS 35020-27 Electronic Damping Kit AUDI S3 8P",false,false,false,false,,18301,true,1,200,true,true,false,2,"descUa:no UA description (short/long/body all empty) | descEn:no EN description (short/long/body all empty)"
racechip,brand,cmnevj2uf00wue95k2wuf7a91,"RC-GTS5-HONDA-2-2-CTDI-2204CCM-140HP-103KW-340NM","racechip-gts5-honda-civic-viii-fd-a-n-k-2005-to-2012-2-2-ctdi-2204ccm-140hp-103kw-340nm","http://localhost:3000/ua/shop/racechip/products/racechip-gts5-honda-civic-viii-fd-a-n-k-2005-to-2012-2-2-ctdi-2204ccm-140hp-103kw-340nm","RaceChip GTS 5 — Honda Civic VIII FD/A/N/K (2005–2012) 2.2 Ctdi 2204cc","RaceChip GTS 5 — Honda Civic VIII FD/A/N/K (2005–2012) 2.2 Ctdi 2204cc",true,true,true,true,538,,true,0,200,true,true,true,0,""
racechip,brand,cmnev6fur006ue95kgmu036d3,"RC-GTS5-FIAT-1-9-JTD-1910CCM-90HP-66KW-200NM","racechip-gts5-fiat-stilo-192-2001-to-2010-1-9-jtd-1910ccm-90hp-66kw-200nm","http://localhost:3000/ua/shop/racechip/products/racechip-gts5-fiat-stilo-192-2001-to-2010-1-9-jtd-1910ccm-90hp-66kw-200nm","RaceChip GTS 5 — Fiat Stilo 192 (2001–2010) 1.9 JTD 1910cc","RaceChip GTS 5 — Fiat Stilo 192 (2001–2010) 1.9 JTD 1910cc",true,true,true,true,538,,true,0,200,true,true,true,0,""
racechip,brand,cmnev5q7w005ce95ki90fmbj4,"RC-GTS5-FIAT-1-3-D-MULTIJET-1248CCM-95HP-70KW-200NM","racechip-gts5-fiat-qubo-225-from-2008-1-3-d-multijet-1248ccm-95hp-70kw-200nm","http://localhost:3000/ua/shop/racechip/products/racechip-gts5-fiat-qubo-225-from-2008-1-3-d-multijet-1248ccm-95hp-70kw-200nm","RaceChip GTS 5 — Fiat Qubo 225 (2008+) 1.3 D MultiJet 1248cc","RaceChip GTS 5 — Fiat Qubo 225 (2008+) 1.3 D MultiJet 1248cc",true,true,true,true,558,,true,0,200,true,true,true,0,""
racechip,brand,cmnev8iz800b6e95kyzs728wi,"RC-GTS5-FORD-2-0-ECOBLUE-MHEV-1995CCM-150HP-110KW-370NM","racechip-gts5-ford-kuga-iii-20-from-2019-2-0-ecoblue-mhev-1995ccm-150hp-110kw-370nm","http://localhost:3000/ua/shop/racechip/products/racechip-gts5-ford-kuga-iii-20-from-2019-2-0-ecoblue-mhev-1995ccm-150hp-110kw-370nm","RaceChip GTS 5 — Ford Kuga III 20 (2019+) 2.0 EcoBlue Mhev 1995cc","RaceChip GTS 5 — Ford Kuga III 20 (2019+) 2.0 EcoBlue Mhev 1995cc",true,true,true,true,628,,true,0,200,true,true,true,0,""
racechip,brand,cmnevmvjs014oe95kvqpw63tk,"RC-GTS5-JAGUAR-2-0-D-1999CCM-180HP-132KW-430NM","racechip-gts5-jaguar-xe-760-from-2015-2-0-d-1999ccm-180hp-132kw-430nm","http://localhost:3000/ua/shop/racechip/products/racechip-gts5-jaguar-xe-760-from-2015-2-0-d-1999ccm-180hp-132kw-430nm","RaceChip GTS 5 — Jaguar XE 760 (2015+) 2.0 D 1999cc","RaceChip GTS 5 — Jaguar XE 760 (2015+) 2.0 D 1999cc",true,true,true,true,658,,true,0,200,true,true,true,0,""
urban,urban,cmmuk5fzw00zxe9v8yg7y2bzn,"URB-DIF-25358184-V1","urb-dif-25358184-v1","http://localhost:3000/ua/shop/urban/products/urb-dif-25358184-v1","Задній дифузор Urban Visual Carbon Fibre для Mercedes-Benz EQC","Urban Visual Carbon Fibre Rear Diffuser for Mercedes-Benz EQC",true,true,true,true,1518,68310,true,4,200,true,true,true,0,""
urban,urban,cmmuk5g8n016ue9v86cxfb8yb,"URB-NUM-25353147-V1","urb-num-25353147-v1","http://localhost:3000/ua/shop/urban/products/urb-num-25353147-v1","Комплект центрального розміщення номерного знака Urban для Discovery 5 2017-2020","Urban Central Number Plate Positioning Kit for Discovery 5 2017-2020",true,true,true,true,1170,52650,true,3,200,true,true,true,0,""
urban,urban,cmmuk5fth00uve9v8bke423ib,"URB-BOD-25353067-V1","urb-bod-25353067-v1","http://localhost:3000/ua/shop/urban/products/urb-bod-25353067-v1","Комплект V2 Carbon Fibre для Range Rover Sport L494 SVR","Range Rover L494 Sport - SVR - Pre 2017 - Carbon Fibre V2 Kit",true,true,true,true,13410,603450,true,2,200,false,true,false,1,"page:title ""Комплект V2 Carbon F"" not found in HTML"
urban,urban,cmmuk5grd01ote9v87t25fu29,"URB-SIL-25358231-V1","urb-sil-25358231-v1","http://localhost:3000/ua/shop/urban/products/urb-sil-25358231-v1","Карбонові нижні пороги Urban для Audi RSQ8 Pre-Facelift","Audi RSQ8 Pre-Facelift Visual Carbon Fibre Lower Sills with URBAN Emblem",true,true,true,true,5940,267300,true,4,200,true,true,true,0,""
urban,urban,cmmuk5fqr00ste9v80w1z37s4,"URB-SID-26006228-V1","urb-sid-26006228-v1","http://localhost:3000/ua/shop/urban/products/urb-sid-26006228-v1","Фіксовані підніжки Matrix Black Shadow для Range Rover Sport L461","Range Rover Sport L461 Matrix Black Shadow Fixed Side Steps",true,true,true,true,1434,64530,true,4,200,true,true,true,0,""